{"v":"5.6.1","fr":60,"ip":0,"op":757,"w":500,"h":500,"nm":"rocket-2","ddd":0,"assets":[{"id":"comp_0","layers":[{"ddd":0,"ind":1,"ty":4,"nm":"Layer 25 Outlines","parent":2,"sr":1,"ks":{"o":{"a":0,"k":100,"ix":11},"r":{"a":0,"k":0,"ix":10},"p":{"a":0,"k":[20.996,23.588,0],"ix":2},"a":{"a":0,"k":[20.037,20.884,0],"ix":1},"s":{"a":0,"k":[100,100,100],"ix":6}},"ao":0,"shapes":[{"ty":"gr","it":[{"ind":0,"ty":"sh","ix":1,"ks":{"a":0,"k":{"i":[[2.104,-0.998],[0.381,-1.776],[-0.563,-1.302],[-0.775,-0.491],[-3.2,1.46],[-3.268,1.299],[-1.529,0.349],[3.719,1.104],[1.05,0.078],[0.113,-0.736],[2.174,-1.579],[1.238,0.311],[1.576,1.309],[-1.777,2.116]],"o":[[-0.611,1.709],[-0.298,1.387],[0.364,0.84],[2.973,1.88],[3.201,-1.46],[1.456,-0.579],[-2.064,-3.364],[-0.964,-0.287],[-0.378,0.631],[-0.408,2.655],[-1.032,0.749],[-1.986,-0.499],[1.433,-2.361],[-2.152,0.495]],"v":[[-11.294,-4.905],[-12.693,0.387],[-12.717,4.57],[-10.886,6.567],[-0.772,6.362],[8.531,1.4],[13.038,0.082],[4.439,-7.196],[1.409,-7.737],[0.643,-5.687],[-0.581,1.953],[-4.269,2.288],[-9.704,-0.468],[-4.861,-7.181]],"c":true},"ix":2},"nm":"Path 1","mn":"ADBE Vector Shape - Group","hd":false},{"ty":"fl","c":{"a":0,"k":[0.862745098039,0.862745098039,0.862745098039,1],"ix":4},"o":{"a":0,"k":100,"ix":5},"r":1,"bm":0,"nm":"Fill 1","mn":"ADBE Vector Graphic - Fill","hd":false},{"ty":"tr","p":{"a":0,"k":[27.035,7.736],"ix":2},"a":{"a":0,"k":[0,0],"ix":1},"s":{"a":0,"k":[100,100],"ix":3},"r":{"a":0,"k":0,"ix":6},"o":{"a":0,"k":100,"ix":7},"sk":{"a":0,"k":0,"ix":4},"sa":{"a":0,"k":0,"ix":5},"nm":"Transform"}],"nm":"Group 1","np":4,"cix":2,"bm":0,"ix":1,"mn":"ADBE Vector Group","hd":false},{"ty":"gr","it":[{"ind":0,"ty":"sh","ix":1,"ks":{"a":0,"k":{"i":[[-0.046,0.042],[1.356,1.756],[0.022,0.479],[-0.277,0.367],[-1.992,0.88],[-1.229,1.797],[1.852,1.145],[1.173,-1.108],[0.116,-1.61],[0.458,-0.489],[0.731,0.558],[0.648,0.653],[2.283,-0.514],[1.985,-1.24],[-1.916,-1.684],[2.114,-1.426],[1.719,1.403],[-0.287,6.304],[-0.181,2.502],[1.045,-2.27],[-1.849,-3.785],[-2.182,-1.878],[-6.269,1.388],[-2.351,2.137]],"o":[[-1.456,-1.673],[-0.293,-0.38],[-0.021,-0.46],[1.312,-1.737],[1.991,-0.88],[1.23,-1.796],[-1.373,-0.849],[-1.175,1.108],[-0.048,0.668],[-0.63,0.669],[-0.731,-0.56],[-1.649,-1.662],[-2.283,0.514],[1.12,2.291],[1.916,1.683],[-1.839,1.24],[-4.89,-3.989],[0.101,-2.195],[-2.192,2.065],[-1.763,3.826],[1.263,2.586],[4.866,4.189],[3.103,-0.687],[0.046,-0.042]],"v":[[12.437,11.112],[8.213,5.971],[7.596,4.698],[8.097,3.442],[13.493,-0.102],[18.793,-3.762],[18.119,-9.56],[13.666,-8.885],[11.842,-4.517],[11.325,-2.62],[8.81,-2.704],[6.955,-4.742],[0.403,-6.254],[-5.899,-3.24],[-0.267,1.828],[0.608,8.38],[-5.36,6.762],[-15.311,-8.489],[-13.018,-16.378],[-18.004,-9.786],[-18.487,2.428],[-12.802,8.844],[4.243,16.121],[12.302,11.239]],"c":true},"ix":2},"nm":"Path 1","mn":"ADBE Vector Shape - Group","hd":false},{"ty":"fl","c":{"a":0,"k":[0.862745098039,0.862745098039,0.862745098039,1],"ix":4},"o":{"a":0,"k":100,"ix":5},"r":1,"bm":0,"nm":"Fill 1","mn":"ADBE Vector Graphic - Fill","hd":false},{"ty":"tr","p":{"a":0,"k":[19.628,25.39],"ix":2},"a":{"a":0,"k":[0,0],"ix":1},"s":{"a":0,"k":[100,100],"ix":3},"r":{"a":0,"k":0,"ix":6},"o":{"a":0,"k":100,"ix":7},"sk":{"a":0,"k":0,"ix":4},"sa":{"a":0,"k":0,"ix":5},"nm":"Transform"}],"nm":"Group 2","np":4,"cix":2,"bm":0,"ix":2,"mn":"ADBE Vector Group","hd":false}],"ip":0,"op":900,"st":0,"bm":0},{"ddd":0,"ind":2,"ty":4,"nm":"stone-L","sr":1,"ks":{"o":{"a":0,"k":100,"ix":11},"r":{"a":0,"k":0,"ix":10},"p":{"a":0,"k":[357.478,344.748,0],"ix":2},"a":{"a":0,"k":[22.661,22.926,0],"ix":1},"s":{"a":0,"k":[100,100,100],"ix":6}},"ao":0,"shapes":[{"ty":"gr","it":[{"ind":0,"ty":"sh","ix":1,"ks":{"a":0,"k":{"i":[[4.201,-9.124],[-1.85,-3.785],[-2.181,-1.878],[-6.268,1.389],[-2.352,2.137],[-2.259,2.676],[-0.34,3.4],[0.839,2.257],[5.554,1.65]],"o":[[-1.763,3.826],[1.262,2.586],[4.866,4.188],[3.104,-0.686],[2.591,-2.354],[2.204,-2.613],[0.24,-2.397],[-2.023,-5.431],[-10.079,-2.994]],"v":[[-20.079,-4.62],[-20.561,7.596],[-14.877,14.012],[2.168,21.288],[10.228,16.406],[17.514,8.85],[22.171,-0.105],[20.9,-7.152],[9.773,-19.682]],"c":true},"ix":2},"nm":"Path 1","mn":"ADBE Vector Shape - Group","hd":false},{"ty":"fl","c":{"a":0,"k":[0.929000016755,0.929000016755,0.929000016755,1],"ix":4},"o":{"a":0,"k":100,"ix":5},"r":1,"bm":0,"nm":"Fill 1","mn":"ADBE Vector Graphic - Fill","hd":false},{"ty":"tr","p":{"a":0,"k":[22.661,22.927],"ix":2},"a":{"a":0,"k":[0,0],"ix":1},"s":{"a":0,"k":[100,100],"ix":3},"r":{"a":0,"k":0,"ix":6},"o":{"a":0,"k":100,"ix":7},"sk":{"a":0,"k":0,"ix":4},"sa":{"a":0,"k":0,"ix":5},"nm":"Transform"}],"nm":"Group 1","np":4,"cix":2,"bm":0,"ix":1,"mn":"ADBE Vector Group","hd":false}],"ip":0,"op":900,"st":0,"bm":0}]},{"id":"comp_1","layers":[{"ddd":0,"ind":1,"ty":4,"nm":"pattern","sr":1,"ks":{"o":{"a":0,"k":100,"ix":11},"r":{"a":0,"k":0,"ix":10},"p":{"a":0,"k":[325.604,323.286,0],"ix":2},"a":{"a":0,"k":[4.985,6.824,0],"ix":1},"s":{"a":0,"k":[100,100,100],"ix":6}},"ao":0,"shapes":[{"ty":"gr","it":[{"ind":0,"ty":"sh","ix":1,"ks":{"a":0,"k":{"i":[[-0.1,2.387],[0.746,1.105],[1.99,-0.351],[0.59,-0.168],[0.412,-1.488],[-0.726,-1.119],[-0.666,-0.521],[-1.91,-0.152],[-0.736,0.62]],"o":[[0.056,-1.332],[-1.13,-1.674],[-0.663,0.118],[-0.617,1.415],[-0.355,1.287],[0.459,0.71],[1.509,1.18],[0.949,0.076],[0.1,-2.388]],"v":[[4.961,-1.284],[4.298,-5.157],[-1.216,-6.678],[-3.093,-6.248],[-4.639,-1.885],[-4.518,1.992],[-2.62,3.654],[2.05,6.814],[4.662,5.877]],"c":true},"ix":2},"nm":"Path 1","mn":"ADBE Vector Shape - Group","hd":false},{"ty":"fl","c":{"a":0,"k":[0.862745098039,0.862745098039,0.866666666667,1],"ix":4},"o":{"a":0,"k":100,"ix":5},"r":1,"bm":0,"nm":"Fill 1","mn":"ADBE Vector Graphic - Fill","hd":false},{"ty":"tr","p":{"a":0,"k":[4.985,6.824],"ix":2},"a":{"a":0,"k":[0,0],"ix":1},"s":{"a":0,"k":[100,100],"ix":3},"r":{"a":0,"k":0,"ix":6},"o":{"a":0,"k":100,"ix":7},"sk":{"a":0,"k":0,"ix":4},"sa":{"a":0,"k":0,"ix":5},"nm":"Transform"}],"nm":"Group 1","np":4,"cix":2,"bm":0,"ix":1,"mn":"ADBE Vector Group","hd":false}],"ip":0,"op":900,"st":0,"bm":0},{"ddd":0,"ind":2,"ty":4,"nm":"pattern","sr":1,"ks":{"o":{"a":0,"k":100,"ix":11},"r":{"a":0,"k":0,"ix":10},"p":{"a":0,"k":[318.746,334.042,0],"ix":2},"a":{"a":0,"k":[9.498,13.44,0],"ix":1},"s":{"a":0,"k":[100,100,100],"ix":6}},"ao":0,"shapes":[{"ty":"gr","it":[{"ind":0,"ty":"sh","ix":1,"ks":{"a":0,"k":{"i":[[1.009,0.366],[1.104,0.849],[1.247,0.821],[0.854,0.846],[-0.319,1.83],[-0.522,2.996],[1.851,-5.474],[-0.116,-0.809],[-0.682,-0.714],[-4.335,-1.306],[-1.071,0.392],[-0.32,1.854]],"o":[[-1.308,-0.477],[-1.183,-0.91],[-1.004,-0.663],[-1.321,-1.307],[0.522,-2.996],[-3.321,3.612],[-0.262,0.774],[0.138,0.977],[3.128,3.274],[1.091,0.329],[1.692,-0.623],[-0.855,-0.641]],"v":[[6.642,7.393],[2.832,5.731],[-0.333,2.58],[-3.471,0.838],[-4.249,-4.453],[-2.683,-13.441],[-9.058,1.129],[-9.47,3.521],[-7.98,6.023],[3.469,13.05],[6.822,13.242],[9.497,8.886]],"c":true},"ix":2},"nm":"Path 1","mn":"ADBE Vector Shape - Group","hd":false},{"ty":"fl","c":{"a":0,"k":[0.862745098039,0.862745098039,0.866666666667,1],"ix":4},"o":{"a":0,"k":100,"ix":5},"r":1,"bm":0,"nm":"Fill 1","mn":"ADBE Vector Graphic - Fill","hd":false},{"ty":"tr","p":{"a":0,"k":[9.497,13.44],"ix":2},"a":{"a":0,"k":[0,0],"ix":1},"s":{"a":0,"k":[100,100],"ix":3},"r":{"a":0,"k":0,"ix":6},"o":{"a":0,"k":100,"ix":7},"sk":{"a":0,"k":0,"ix":4},"sa":{"a":0,"k":0,"ix":5},"nm":"Transform"}],"nm":"Group 1","np":4,"cix":2,"bm":0,"ix":1,"mn":"ADBE Vector Group","hd":false}],"ip":0,"op":900,"st":0,"bm":0},{"ddd":0,"ind":3,"ty":4,"nm":"stone","sr":1,"ks":{"o":{"a":0,"k":100,"ix":11},"r":{"a":0,"k":0,"ix":10},"p":{"a":0,"k":[320.05,332.001,0],"ix":2},"a":{"a":0,"k":[11.139,15.924,0],"ix":1},"s":{"a":0,"k":[100,100,100],"ix":6}},"ao":0,"shapes":[{"ty":"gr","it":[{"ind":0,"ty":"sh","ix":1,"ks":{"a":0,"k":{"i":[[2.96,-8.749],[-0.115,-0.809],[-0.682,-0.714],[-4.335,-1.307],[-1.07,0.393],[-0.249,2.154],[-0.749,6.485],[0.664,1.157],[2.009,-0.204]],"o":[[-0.262,0.773],[0.139,0.977],[3.128,3.274],[1.091,0.329],[2.034,-0.748],[0.748,-6.485],[0.153,-1.324],[-1.004,-1.752],[-10.94,1.117]],"v":[[-10.361,3.169],[-10.774,5.562],[-9.284,8.064],[2.165,15.09],[5.518,15.282],[8.356,9.816],[10.602,-9.639],[10.225,-13.549],[4.837,-15.471]],"c":true},"ix":2},"nm":"Path 1","mn":"ADBE Vector Shape - Group","hd":false},{"ty":"fl","c":{"a":0,"k":[0.929000016755,0.929000016755,0.929000016755,1],"ix":4},"o":{"a":0,"k":100,"ix":5},"r":1,"bm":0,"nm":"Fill 1","mn":"ADBE Vector Graphic - Fill","hd":false},{"ty":"tr","p":{"a":0,"k":[11.139,15.924],"ix":2},"a":{"a":0,"k":[0,0],"ix":1},"s":{"a":0,"k":[100,100],"ix":3},"r":{"a":0,"k":0,"ix":6},"o":{"a":0,"k":100,"ix":7},"sk":{"a":0,"k":0,"ix":4},"sa":{"a":0,"k":0,"ix":5},"nm":"Transform"}],"nm":"Group 1","np":4,"cix":2,"bm":0,"ix":1,"mn":"ADBE Vector Group","hd":false}],"ip":0,"op":900,"st":0,"bm":0}]},{"id":"comp_2","layers":[{"ddd":0,"ind":1,"ty":4,"nm":"Layer 17 Outlines","parent":3,"sr":1,"ks":{"o":{"a":0,"k":100,"ix":11},"r":{"a":0,"k":0,"ix":10},"p":{"a":0,"k":[253.889,219.959,0],"ix":2},"a":{"a":0,"k":[39.495,76.565,0],"ix":1},"s":{"a":0,"k":[100,100,100],"ix":6}},"ao":0,"shapes":[{"ty":"gr","it":[{"ind":0,"ty":"sh","ix":1,"ks":{"a":0,"k":{"i":[[0,0],[0.968,-5.594],[0,0]],"o":[[0,0],[-0.968,5.594],[0,0]],"v":[[-7.284,-5.827],[7.207,0.233],[-8.175,-1.972]],"c":true},"ix":2},"nm":"Path 1","mn":"ADBE Vector Shape - Group","hd":false},{"ty":"fl","c":{"a":0,"k":[0.961000031116,0.717999985639,0.517999985639,1],"ix":4},"o":{"a":0,"k":100,"ix":5},"r":1,"bm":0,"nm":"Fill 1","mn":"ADBE Vector Graphic - Fill","hd":false},{"ty":"tr","p":{"a":0,"k":[64.907,78.589],"ix":2},"a":{"a":0,"k":[0,0],"ix":1},"s":{"a":0,"k":[100,100],"ix":3},"r":{"a":0,"k":0,"ix":6},"o":{"a":0,"k":100,"ix":7},"sk":{"a":0,"k":0,"ix":4},"sa":{"a":0,"k":0,"ix":5},"nm":"Transform"}],"nm":"Group 1","np":4,"cix":2,"bm":0,"ix":1,"mn":"ADBE Vector Group","hd":false},{"ty":"gr","it":[{"ind":0,"ty":"sh","ix":1,"ks":{"a":0,"k":{"i":[[0,0],[-0.315,-5.668],[0,0]],"o":[[0,0],[0.316,5.668],[0,0]],"v":[[-7.899,-2.645],[7.583,0],[-7.899,1.312]],"c":true},"ix":2},"nm":"Path 1","mn":"ADBE Vector Shape - Group","hd":false},{"ty":"fl","c":{"a":0,"k":[0.961000031116,0.717999985639,0.517999985639,1],"ix":4},"o":{"a":0,"k":100,"ix":5},"r":1,"bm":0,"nm":"Fill 1","mn":"ADBE Vector Graphic - Fill","hd":false},{"ty":"tr","p":{"a":0,"k":[65.378,81.781],"ix":2},"a":{"a":0,"k":[0,0],"ix":1},"s":{"a":0,"k":[100,100],"ix":3},"r":{"a":0,"k":0,"ix":6},"o":{"a":0,"k":100,"ix":7},"sk":{"a":0,"k":0,"ix":4},"sa":{"a":0,"k":0,"ix":5},"nm":"Transform"}],"nm":"Group 2","np":4,"cix":2,"bm":0,"ix":2,"mn":"ADBE Vector Group","hd":false},{"ty":"gr","it":[{"ind":0,"ty":"sh","ix":1,"ks":{"a":0,"k":{"i":[[-2.279,6.839],[8.293,-1.155],[-3.149,-3.045],[-2.729,-4.093],[1.575,5.039],[-8.397,3.778]],"o":[[1.784,-5.353],[-8.294,1.155],[0,0],[2.729,4.094],[-1.574,-5.038],[8.397,-3.779]],"v":[[5.248,-12.388],[6.508,2.518],[-2.835,9.237],[-5.354,12.702],[-13.227,12.702],[-5.669,-7.767]],"c":true},"ix":2},"nm":"Path 1","mn":"ADBE Vector Shape - Group","hd":false},{"ty":"fl","c":{"a":0,"k":[0.493999974868,0.270999983245,0.184000007779,1],"ix":4},"o":{"a":0,"k":100,"ix":5},"r":1,"bm":0,"nm":"Fill 1","mn":"ADBE Vector Graphic - Fill","hd":false},{"ty":"tr","p":{"a":0,"k":[18.463,17.991],"ix":2},"a":{"a":0,"k":[0,0],"ix":1},"s":{"a":0,"k":[100,100],"ix":3},"r":{"a":0,"k":0,"ix":6},"o":{"a":0,"k":100,"ix":7},"sk":{"a":0,"k":0,"ix":4},"sa":{"a":0,"k":0,"ix":5},"nm":"Transform"}],"nm":"Group 3","np":4,"cix":2,"bm":0,"ix":3,"mn":"ADBE Vector Group","hd":false},{"ty":"gr","it":[{"ind":0,"ty":"sh","ix":1,"ks":{"a":0,"k":{"i":[[-14.46,0.787],[-3.621,0.864],[0,0],[-1.889,7.767],[8.188,-1.155]],"o":[[1.354,-0.075],[3.622,-0.867],[0,0],[1.889,-7.767],[-8.188,1.157]],"v":[[-1.365,13.542],[3.753,17.874],[6.036,13.07],[13.936,5.827],[-2.861,-17.583]],"c":true},"ix":2},"nm":"Path 1","mn":"ADBE Vector Shape - Group","hd":false},{"ty":"fl","c":{"a":0,"k":[0.961000031116,0.717999985639,0.517999985639,1],"ix":4},"o":{"a":0,"k":100,"ix":5},"r":1,"bm":0,"nm":"Fill 1","mn":"ADBE Vector Graphic - Fill","hd":false},{"ty":"tr","p":{"a":0,"k":[19.329,29.169],"ix":2},"a":{"a":0,"k":[0,0],"ix":1},"s":{"a":0,"k":[100,100],"ix":3},"r":{"a":0,"k":0,"ix":6},"o":{"a":0,"k":100,"ix":7},"sk":{"a":0,"k":0,"ix":4},"sa":{"a":0,"k":0,"ix":5},"nm":"Transform"}],"nm":"Group 4","np":4,"cix":2,"bm":0,"ix":4,"mn":"ADBE Vector Group","hd":false},{"ty":"gr","it":[{"ind":0,"ty":"sh","ix":1,"ks":{"a":0,"k":{"i":[[-27,-6.16],[0,0],[12.754,8.03],[-3.937,-11.89],[-3.464,15.904],[-11.967,2.875],[0,0]],"o":[[0,0],[0,0],[0,0],[0,0],[3.464,-15.903],[11.968,-2.875],[0,0]],"v":[[28.615,8.437],[28.615,12.394],[-9.877,2.559],[-17.12,29.248],[-25.15,8.542],[-12.396,-26.373],[-5.311,-11.298]],"c":true},"ix":2},"nm":"Path 1","mn":"ADBE Vector Shape - Group","hd":false},{"ty":"fl","c":{"a":0,"k":[0.165000002992,0.169000004787,0.234999997008,1],"ix":4},"o":{"a":0,"k":100,"ix":5},"r":1,"bm":0,"nm":"Fill 1","mn":"ADBE Vector Graphic - Fill","hd":false},{"ty":"tr","p":{"a":0,"k":[28.864,70.698],"ix":2},"a":{"a":0,"k":[0,0],"ix":1},"s":{"a":0,"k":[100,100],"ix":3},"r":{"a":0,"k":0,"ix":6},"o":{"a":0,"k":100,"ix":7},"sk":{"a":0,"k":0,"ix":4},"sa":{"a":0,"k":0,"ix":5},"nm":"Transform"}],"nm":"Group 5","np":4,"cix":2,"bm":0,"ix":5,"mn":"ADBE Vector Group","hd":false},{"ty":"gr","it":[{"ind":0,"ty":"sh","ix":1,"ks":{"a":0,"k":{"i":[[0,0],[7.243,3.15],[11.337,-0.63],[-18.475,-4.33]],"o":[[2.167,-3.012],[-7.243,-3.149],[-11.338,0.63],[0,0]],"v":[[19.195,13.523],[13.489,-0.826],[-1.102,-27.488],[-2.887,28.118]],"c":true},"ix":2},"nm":"Path 1","mn":"ADBE Vector Shape - Group","hd":false},{"ty":"fl","c":{"a":0,"k":[0.870999983245,0.910000011968,0.917999985639,1],"ix":4},"o":{"a":0,"k":100,"ix":5},"r":1,"bm":0,"nm":"Fill 1","mn":"ADBE Vector Graphic - Fill","hd":false},{"ty":"tr","p":{"a":0,"k":[22.819,71.827],"ix":2},"a":{"a":0,"k":[0,0],"ix":1},"s":{"a":0,"k":[100,100],"ix":3},"r":{"a":0,"k":0,"ix":6},"o":{"a":0,"k":100,"ix":7},"sk":{"a":0,"k":0,"ix":4},"sa":{"a":0,"k":0,"ix":5},"nm":"Transform"}],"nm":"Group 6","np":4,"cix":2,"bm":0,"ix":6,"mn":"ADBE Vector Group","hd":false},{"ty":"gr","it":[{"ind":0,"ty":"sh","ix":1,"ks":{"a":0,"k":{"i":[[0,0],[0,0],[0,0],[0,0],[0,0]],"o":[[0,0],[0,0],[0,0],[0,0],[0,0]],"v":[[0.106,-1.995],[-0.159,-0.786],[4.2,1.418],[-4.2,1.995],[-3.254,-1.153]],"c":true},"ix":2},"nm":"Path 1","mn":"ADBE Vector Shape - Group","hd":false},{"ty":"fl","c":{"a":0,"k":[0.246999987434,0.231000010173,0.313999998803,1],"ix":4},"o":{"a":0,"k":100,"ix":5},"r":1,"bm":0,"nm":"Fill 1","mn":"ADBE Vector Graphic - Fill","hd":false},{"ty":"tr","p":{"a":0,"k":[45.021,150.884],"ix":2},"a":{"a":0,"k":[0,0],"ix":1},"s":{"a":0,"k":[100,100],"ix":3},"r":{"a":0,"k":0,"ix":6},"o":{"a":0,"k":100,"ix":7},"sk":{"a":0,"k":0,"ix":4},"sa":{"a":0,"k":0,"ix":5},"nm":"Transform"}],"nm":"Group 7","np":4,"cix":2,"bm":0,"ix":7,"mn":"ADBE Vector Group","hd":false},{"ty":"gr","it":[{"ind":0,"ty":"sh","ix":1,"ks":{"a":0,"k":{"i":[[0,0],[0,0],[1.497,-16.842],[0,0],[0,0],[34.105,12.484]],"o":[[0,0],[0,0],[-1.497,16.844],[0,0],[0,0],[0,0]],"v":[[-7.322,-32.374],[-29.404,-17.779],[-1.334,5.426],[-8.07,32.374],[-4.001,32.374],[-4.702,-23.197]],"c":true},"ix":2},"nm":"Path 1","mn":"ADBE Vector Shape - Group","hd":false},{"ty":"fl","c":{"a":0,"k":[0.165000002992,0.169000004787,0.234999997008,1],"ix":4},"o":{"a":0,"k":100,"ix":5},"r":1,"bm":0,"nm":"Fill 1","mn":"ADBE Vector Graphic - Fill","hd":false},{"ty":"tr","p":{"a":0,"k":[49.336,117.724],"ix":2},"a":{"a":0,"k":[0,0],"ix":1},"s":{"a":0,"k":[100,100],"ix":3},"r":{"a":0,"k":0,"ix":6},"o":{"a":0,"k":100,"ix":7},"sk":{"a":0,"k":0,"ix":4},"sa":{"a":0,"k":0,"ix":5},"nm":"Transform"}],"nm":"Group 8","np":4,"cix":2,"bm":0,"ix":8,"mn":"ADBE Vector Group","hd":false},{"ty":"gr","it":[{"ind":0,"ty":"sh","ix":1,"ks":{"a":0,"k":{"i":[[0,0],[-13.813,-6.42],[0,0],[9.482,17.294]],"o":[[0,0],[0,0],[0,0],[-9.483,-17.294]],"v":[[-9.433,-9.888],[20.493,14.642],[19.342,19.61],[-11.01,-2.316]],"c":true},"ix":2},"nm":"Path 1","mn":"ADBE Vector Shape - Group","hd":false},{"ty":"fl","c":{"a":0,"k":[0.165000002992,0.169000004787,0.234999997008,1],"ix":4},"o":{"a":0,"k":100,"ix":5},"r":1,"bm":0,"nm":"Fill 1","mn":"ADBE Vector Graphic - Fill","hd":false},{"ty":"tr","p":{"a":0,"k":[37.219,57.739],"ix":2},"a":{"a":0,"k":[0,0],"ix":1},"s":{"a":0,"k":[100,100],"ix":3},"r":{"a":0,"k":0,"ix":6},"o":{"a":0,"k":100,"ix":7},"sk":{"a":0,"k":0,"ix":4},"sa":{"a":0,"k":0,"ix":5},"nm":"Transform"}],"nm":"Group 9","np":4,"cix":2,"bm":0,"ix":9,"mn":"ADBE Vector Group","hd":false}],"ip":0,"op":900,"st":0,"bm":0},{"ddd":0,"ind":2,"ty":4,"nm":"Layer 19 Outlines","parent":3,"sr":1,"ks":{"o":{"a":0,"k":100,"ix":11},"r":{"a":0,"k":0,"ix":10},"p":{"a":0,"k":[261.562,232.778,0],"ix":2},"a":{"a":0,"k":[9.074,8.215,0],"ix":1},"s":{"a":0,"k":[100,100,100],"ix":6}},"ao":0,"shapes":[{"ty":"gr","it":[{"ind":0,"ty":"sh","ix":1,"ks":{"a":0,"k":{"i":[[-5.388,3.059],[0,0],[0,0],[0,0]],"o":[[-4.317,-6.213],[0,0],[0,0],[4.99,-3.383]],"v":[[8.824,-1.752],[-5.155,-4.032],[-8.824,6.296],[-6.836,7.964]],"c":true},"ix":2},"nm":"Path 1","mn":"ADBE Vector Shape - Group","hd":false},{"ty":"fl","c":{"a":0,"k":[0.165000002992,0.169000004787,0.234999997008,1],"ix":4},"o":{"a":0,"k":100,"ix":5},"r":1,"bm":0,"nm":"Fill 1","mn":"ADBE Vector Graphic - Fill","hd":false},{"ty":"tr","p":{"a":0,"k":[9.074,8.215],"ix":2},"a":{"a":0,"k":[0,0],"ix":1},"s":{"a":0,"k":[100,100],"ix":3},"r":{"a":0,"k":0,"ix":6},"o":{"a":0,"k":100,"ix":7},"sk":{"a":0,"k":0,"ix":4},"sa":{"a":0,"k":0,"ix":5},"nm":"Transform"}],"nm":"Group 1","np":4,"cix":2,"bm":0,"ix":1,"mn":"ADBE Vector Group","hd":false}],"ip":0,"op":900,"st":0,"bm":0},{"ddd":0,"ind":3,"ty":0,"nm":"rocket","refId":"comp_3","sr":1,"ks":{"o":{"a":0,"k":100,"ix":11},"r":{"a":0,"k":0,"ix":10},"p":{"a":0,"k":[221.592,299.101,0],"ix":2},"a":{"a":0,"k":[250,250,0],"ix":1},"s":{"a":0,"k":[100,100,100],"ix":6}},"ao":0,"w":500,"h":500,"ip":0,"op":900,"st":0,"bm":0}]},{"id":"comp_3","layers":[{"ddd":0,"ind":1,"ty":4,"nm":"fire3","sr":1,"ks":{"o":{"a":0,"k":100,"ix":11},"r":{"a":0,"k":0,"ix":10},"p":{"a":0,"k":[214.691,313.281,0],"ix":2},"a":{"a":0,"k":[19.935,8.039,0],"ix":1},"s":{"a":1,"k":[{"i":{"x":[0.833,0.833,0.833],"y":[0.833,0.833,0.833]},"o":{"x":[0.167,0.167,0.167],"y":[0.167,0.167,0.167]},"t":0,"s":[100,100,100]},{"t":9,"s":[120,120,100]}],"ix":6,"x":"var $bm_rt;\n$bm_rt = loopOut('cycle', 0);"}},"ao":0,"shapes":[{"ty":"gr","it":[{"ind":0,"ty":"sh","ix":1,"ks":{"a":0,"k":{"i":[[6.319,7.788],[2.778,-15.256]],"o":[[-6.32,-7.789],[15.501,0.425]],"v":[[6.683,-4.304],[-13.002,11.667]],"c":true},"ix":2},"nm":"Path 1","mn":"ADBE Vector Shape - Group","hd":false},{"ty":"fl","c":{"a":0,"k":[0.957000014361,0.913999968884,0.337000020345,1],"ix":4},"o":{"a":0,"k":100,"ix":5},"r":1,"bm":0,"nm":"Fill 1","mn":"ADBE Vector Graphic - Fill","hd":false},{"ty":"tr","p":{"a":0,"k":[13.252,12.343],"ix":2},"a":{"a":0,"k":[0,0],"ix":1},"s":{"a":0,"k":[100,100],"ix":3},"r":{"a":0,"k":0,"ix":6},"o":{"a":0,"k":100,"ix":7},"sk":{"a":0,"k":0,"ix":4},"sa":{"a":0,"k":0,"ix":5},"nm":"Transform"}],"nm":"Group 1","np":2,"cix":2,"bm":0,"ix":1,"mn":"ADBE Vector Group","hd":false}],"ip":0,"op":933,"st":0,"bm":0},{"ddd":0,"ind":2,"ty":4,"nm":"fire2","sr":1,"ks":{"o":{"a":0,"k":100,"ix":11},"r":{"a":0,"k":0,"ix":10},"p":{"a":0,"k":[214.691,313.281,0],"ix":2},"a":{"a":0,"k":[39.601,12.4,0],"ix":1},"s":{"a":1,"k":[{"i":{"x":[0.833,0.833,0.833],"y":[0.833,0.833,0.833]},"o":{"x":[0.167,0.167,0.167],"y":[0.167,0.167,0.167]},"t":0,"s":[100,100,100]},{"t":9,"s":[110,110,100]}],"ix":6,"x":"var $bm_rt;\n$bm_rt = loopOut('cycle', 0);"}},"ao":0,"shapes":[{"ty":"gr","it":[{"ind":0,"ty":"sh","ix":1,"ks":{"a":0,"k":{"i":[[9.856,12.148],[8.349,-27.055]],"o":[[-9.857,-12.15],[28.193,-2.596]],"v":[[14.748,-9.889],[-24.604,22.038]],"c":true},"ix":2},"nm":"Path 1","mn":"ADBE Vector Shape - Group","hd":false},{"ty":"fl","c":{"a":0,"k":[0.922000002394,0.564999988032,0.277999997606,1],"ix":4},"o":{"a":0,"k":100,"ix":5},"r":1,"bm":0,"nm":"Fill 1","mn":"ADBE Vector Graphic - Fill","hd":false},{"ty":"tr","p":{"a":0,"k":[24.853,22.288],"ix":2},"a":{"a":0,"k":[0,0],"ix":1},"s":{"a":0,"k":[100,100],"ix":3},"r":{"a":0,"k":0,"ix":6},"o":{"a":0,"k":100,"ix":7},"sk":{"a":0,"k":0,"ix":4},"sa":{"a":0,"k":0,"ix":5},"nm":"Transform"}],"nm":"Group 1","np":2,"cix":2,"bm":0,"ix":1,"mn":"ADBE Vector Group","hd":false}],"ip":0,"op":933,"st":0,"bm":0},{"ddd":0,"ind":3,"ty":4,"nm":"fire","sr":1,"ks":{"o":{"a":0,"k":100,"ix":11},"r":{"a":0,"k":0,"ix":10},"p":{"a":0,"k":[214.691,313.281,0],"ix":2},"a":{"a":0,"k":[59.267,16.76,0],"ix":1},"s":{"a":1,"k":[{"i":{"x":[0.833,0.833,0.833],"y":[0.833,0.833,0.833]},"o":{"x":[0.167,0.167,0.167],"y":[0.167,0.167,0.167]},"t":0,"s":[100,100,100]},{"t":9,"s":[105,105,100]}],"ix":6,"x":"var $bm_rt;\n$bm_rt = loopOut('cycle', 0);"}},"ao":0,"shapes":[{"ty":"gr","it":[{"ind":0,"ty":"sh","ix":1,"ks":{"a":0,"k":{"i":[[13.394,16.508],[13.919,-38.851]],"o":[[-13.394,-16.51],[40.885,-5.614]],"v":[[22.812,-15.686],[-36.206,32.196]],"c":true},"ix":2},"nm":"Path 1","mn":"ADBE Vector Shape - Group","hd":false},{"ty":"fl","c":{"a":0,"k":[0.882000014361,0.216000007181,0.219999994016,1],"ix":4},"o":{"a":0,"k":100,"ix":5},"r":1,"bm":0,"nm":"Fill 1","mn":"ADBE Vector Graphic - Fill","hd":false},{"ty":"tr","p":{"a":0,"k":[36.455,32.446],"ix":2},"a":{"a":0,"k":[0,0],"ix":1},"s":{"a":0,"k":[100,100],"ix":3},"r":{"a":0,"k":0,"ix":6},"o":{"a":0,"k":100,"ix":7},"sk":{"a":0,"k":0,"ix":4},"sa":{"a":0,"k":0,"ix":5},"nm":"Transform"}],"nm":"Group 1","np":2,"cix":2,"bm":0,"ix":1,"mn":"ADBE Vector Group","hd":false}],"ip":0,"op":933,"st":0,"bm":0},{"ddd":0,"ind":4,"ty":4,"nm":"Layer 36 Outlines","sr":1,"ks":{"o":{"a":0,"k":100,"ix":11},"r":{"a":0,"k":0,"ix":10},"p":{"a":0,"k":[320.607,229.874,0],"ix":2},"a":{"a":0,"k":[21.564,21.621,0],"ix":1},"s":{"a":0,"k":[100,100,100],"ix":6}},"ao":0,"shapes":[{"ty":"gr","it":[{"ind":0,"ty":"sh","ix":1,"ks":{"a":0,"k":{"i":[[-5.116,-6.307],[-6.711,-2.7],[5.392,6.645],[17.168,-6.415]],"o":[[5.116,6.305],[9.818,-15.478],[-5.391,-6.644],[1.259,7.124]],"v":[[-11.551,7.564],[6.634,21.37],[15.922,-14.726],[-21.314,-13.077]],"c":true},"ix":2},"nm":"Path 1","mn":"ADBE Vector Shape - Group","hd":false},{"ty":"fl","c":{"a":0,"k":[0.380000005984,0.838999968884,1,1],"ix":4},"o":{"a":0,"k":100,"ix":5},"r":1,"bm":0,"nm":"Fill 1","mn":"ADBE Vector Graphic - Fill","hd":false},{"ty":"tr","p":{"a":0,"k":[21.564,21.621],"ix":2},"a":{"a":0,"k":[0,0],"ix":1},"s":{"a":0,"k":[100,100],"ix":3},"r":{"a":0,"k":0,"ix":6},"o":{"a":0,"k":100,"ix":7},"sk":{"a":0,"k":0,"ix":4},"sa":{"a":0,"k":0,"ix":5},"nm":"Transform"}],"nm":"Group 1","np":2,"cix":2,"bm":0,"ix":1,"mn":"ADBE Vector Group","hd":false}],"ip":0,"op":933,"st":0,"bm":0},{"ddd":0,"ind":5,"ty":4,"nm":"Layer 42 Outlines","sr":1,"ks":{"o":{"a":0,"k":100,"ix":11},"r":{"a":0,"k":0,"ix":10},"p":{"a":0,"k":[308.733,237.843,0],"ix":2},"a":{"a":0,"k":[16.7,19.932,0],"ix":1},"s":{"a":0,"k":[100,100,100],"ix":6}},"ao":0,"shapes":[{"ty":"gr","it":[{"ind":0,"ty":"sh","ix":1,"ks":{"a":0,"k":{"i":[[-7.341,-3.252],[-0.694,1.034],[5.338,6.579],[1.465,7.506],[1.17,-0.499],[-5.544,-6.834]],"o":[[0.73,-1.044],[-7.044,-2.982],[-5.338,-6.581],[-1.156,0.464],[1.668,7.855],[5.546,6.834]],"v":[[14.316,19.682],[16.45,16.566],[-2.558,1.932],[-12.96,-19.682],[-16.45,-18.238],[-5.439,4.268]],"c":true},"ix":2},"nm":"Path 1","mn":"ADBE Vector Shape - Group","hd":false},{"ty":"fl","c":{"a":0,"k":[0.313999998803,0.8,1,1],"ix":4},"o":{"a":0,"k":100,"ix":5},"r":1,"bm":0,"nm":"Fill 1","mn":"ADBE Vector Graphic - Fill","hd":false},{"ty":"tr","p":{"a":0,"k":[16.7,19.933],"ix":2},"a":{"a":0,"k":[0,0],"ix":1},"s":{"a":0,"k":[100,100],"ix":3},"r":{"a":0,"k":0,"ix":6},"o":{"a":0,"k":100,"ix":7},"sk":{"a":0,"k":0,"ix":4},"sa":{"a":0,"k":0,"ix":5},"nm":"Transform"}],"nm":"Group 1","np":2,"cix":2,"bm":0,"ix":1,"mn":"ADBE Vector Group","hd":false}],"ip":0,"op":933,"st":0,"bm":0},{"ddd":0,"ind":6,"ty":4,"nm":"Layer 43 Outlines","sr":1,"ks":{"o":{"a":0,"k":100,"ix":11},"r":{"a":0,"k":0,"ix":10},"p":{"a":0,"k":[221.782,307.919,0],"ix":2},"a":{"a":0,"k":[10.053,11.321,0],"ix":1},"s":{"a":0,"k":[100,100,100],"ix":6}},"ao":0,"shapes":[{"ty":"gr","it":[{"ind":0,"ty":"sh","ix":1,"ks":{"a":0,"k":{"i":[[0,0],[0,0],[0,0],[0,0],[0,0],[0,0]],"o":[[0,0],[0,0],[0,0],[0,0],[0,0],[0,0]],"v":[[1.624,-0.992],[-6.555,-11.072],[-9.803,-5.263],[-3.177,2.905],[3.449,11.072],[9.803,9.09]],"c":true},"ix":2},"nm":"Path 1","mn":"ADBE Vector Shape - Group","hd":false},{"ty":"fl","c":{"a":0,"k":[0.380000005984,0.838999968884,1,1],"ix":4},"o":{"a":0,"k":100,"ix":5},"r":1,"bm":0,"nm":"Fill 1","mn":"ADBE Vector Graphic - Fill","hd":false},{"ty":"tr","p":{"a":0,"k":[10.053,11.322],"ix":2},"a":{"a":0,"k":[0,0],"ix":1},"s":{"a":0,"k":[100,100],"ix":3},"r":{"a":0,"k":0,"ix":6},"o":{"a":0,"k":100,"ix":7},"sk":{"a":0,"k":0,"ix":4},"sa":{"a":0,"k":0,"ix":5},"nm":"Transform"}],"nm":"Group 1","np":2,"cix":2,"bm":0,"ix":1,"mn":"ADBE Vector Group","hd":false}],"ip":0,"op":933,"st":0,"bm":0},{"ddd":0,"ind":7,"ty":4,"nm":"Layer 44 Outlines","sr":1,"ks":{"o":{"a":0,"k":100,"ix":11},"r":{"a":0,"k":0,"ix":10},"p":{"a":0,"k":[228.092,302.715,0],"ix":2},"a":{"a":0,"k":[11.935,13.639,0],"ix":1},"s":{"a":0,"k":[100,100,100],"ix":6}},"ao":0,"shapes":[{"ty":"gr","it":[{"ind":0,"ty":"sh","ix":1,"ks":{"a":0,"k":{"i":[[0,0],[0,0],[0,0],[0,0],[0,0],[0,0]],"o":[[0,0],[0,0],[0,0],[0,0],[0,0],[0,0]],"v":[[1.427,-0.748],[-8.831,-13.39],[-11.685,-7.095],[-3.374,3.149],[4.936,13.39],[11.685,11.897]],"c":true},"ix":2},"nm":"Path 1","mn":"ADBE Vector Shape - Group","hd":false},{"ty":"fl","c":{"a":0,"k":[0.380000005984,0.838999968884,1,1],"ix":4},"o":{"a":0,"k":100,"ix":5},"r":1,"bm":0,"nm":"Fill 1","mn":"ADBE Vector Graphic - Fill","hd":false},{"ty":"tr","p":{"a":0,"k":[11.935,13.64],"ix":2},"a":{"a":0,"k":[0,0],"ix":1},"s":{"a":0,"k":[100,100],"ix":3},"r":{"a":0,"k":0,"ix":6},"o":{"a":0,"k":100,"ix":7},"sk":{"a":0,"k":0,"ix":4},"sa":{"a":0,"k":0,"ix":5},"nm":"Transform"}],"nm":"Group 1","np":2,"cix":2,"bm":0,"ix":1,"mn":"ADBE Vector Group","hd":false}],"ip":0,"op":933,"st":0,"bm":0},{"ddd":0,"ind":8,"ty":4,"nm":"Layer 45 Outlines","sr":1,"ks":{"o":{"a":0,"k":100,"ix":11},"r":{"a":0,"k":0,"ix":10},"p":{"a":0,"k":[279.847,263.084,0],"ix":2},"a":{"a":0,"k":[68.334,62.238,0],"ix":1},"s":{"a":0,"k":[100,100,100],"ix":6}},"ao":0,"shapes":[{"ty":"gr","it":[{"ind":0,"ty":"sh","ix":1,"ks":{"a":0,"k":{"i":[[30.214,-24.513],[11.401,14.053],[-30.212,24.512],[-11.402,-14.052]],"o":[[-30.213,24.513],[-11.402,-14.052],[30.213,-24.513],[11.402,14.053]],"v":[[3.417,37.475],[-52.728,40.832],[-37.872,-13.416],[56.682,-47.936]],"c":true},"ix":2},"nm":"Path 1","mn":"ADBE Vector Shape - Group","hd":false},{"ty":"fl","c":{"a":0,"k":[1,1,1,1],"ix":4},"o":{"a":0,"k":100,"ix":5},"r":1,"bm":0,"nm":"Fill 1","mn":"ADBE Vector Graphic - Fill","hd":false},{"ty":"tr","p":{"a":0,"k":[68.334,62.238],"ix":2},"a":{"a":0,"k":[0,0],"ix":1},"s":{"a":0,"k":[100,100],"ix":3},"r":{"a":0,"k":0,"ix":6},"o":{"a":0,"k":100,"ix":7},"sk":{"a":0,"k":0,"ix":4},"sa":{"a":0,"k":0,"ix":5},"nm":"Transform"}],"nm":"Group 1","np":2,"cix":2,"bm":0,"ix":1,"mn":"ADBE Vector Group","hd":false}],"ip":0,"op":933,"st":0,"bm":0},{"ddd":0,"ind":9,"ty":4,"nm":"Layer 46 Outlines","sr":1,"ks":{"o":{"a":0,"k":100,"ix":11},"r":{"a":0,"k":0,"ix":10},"p":{"a":0,"k":[261.319,322.314,0],"ix":2},"a":{"a":0,"k":[12.049,23.771,0],"ix":1},"s":{"a":0,"k":[100,100,100],"ix":6}},"ao":0,"shapes":[{"ty":"gr","it":[{"ind":0,"ty":"sh","ix":1,"ks":{"a":0,"k":{"i":[[-0.876,8.965],[0,0],[5.066,-14.616]],"o":[[0,0],[0,0],[-15.988,7.858]],"v":[[-9.497,-12.58],[11.799,-23.521],[4.189,15.663]],"c":true},"ix":2},"nm":"Path 1","mn":"ADBE Vector Shape - Group","hd":false},{"ty":"fl","c":{"a":0,"k":[0.380000005984,0.838999968884,1,1],"ix":4},"o":{"a":0,"k":100,"ix":5},"r":1,"bm":0,"nm":"Fill 1","mn":"ADBE Vector Graphic - Fill","hd":false},{"ty":"tr","p":{"a":0,"k":[12.049,23.772],"ix":2},"a":{"a":0,"k":[0,0],"ix":1},"s":{"a":0,"k":[100,100],"ix":3},"r":{"a":0,"k":0,"ix":6},"o":{"a":0,"k":100,"ix":7},"sk":{"a":0,"k":0,"ix":4},"sa":{"a":0,"k":0,"ix":5},"nm":"Transform"}],"nm":"Group 1","np":2,"cix":2,"bm":0,"ix":1,"mn":"ADBE Vector Group","hd":false}],"ip":0,"op":933,"st":0,"bm":0},{"ddd":0,"ind":10,"ty":4,"nm":"Layer 47 Outlines","sr":1,"ks":{"o":{"a":0,"k":100,"ix":11},"r":{"a":0,"k":0,"ix":10},"p":{"a":0,"k":[259.914,325.636,0],"ix":2},"a":{"a":0,"k":[13.454,27.093,0],"ix":1},"s":{"a":0,"k":[100,100,100],"ix":6}},"ao":0,"shapes":[{"ty":"gr","it":[{"ind":0,"ty":"sh","ix":1,"ks":{"a":0,"k":{"i":[[0,0],[9.316,-4.217],[0,0]],"o":[[0,0],[-9.317,4.217],[0,0]],"v":[[13.205,-26.844],[-0.798,22.626],[-13.205,-13.272]],"c":true},"ix":2},"nm":"Path 1","mn":"ADBE Vector Shape - Group","hd":false},{"ty":"fl","c":{"a":0,"k":[1,1,1,1],"ix":4},"o":{"a":0,"k":100,"ix":5},"r":1,"bm":0,"nm":"Fill 1","mn":"ADBE Vector Graphic - Fill","hd":false},{"ty":"tr","p":{"a":0,"k":[13.454,27.094],"ix":2},"a":{"a":0,"k":[0,0],"ix":1},"s":{"a":0,"k":[100,100],"ix":3},"r":{"a":0,"k":0,"ix":6},"o":{"a":0,"k":100,"ix":7},"sk":{"a":0,"k":0,"ix":4},"sa":{"a":0,"k":0,"ix":5},"nm":"Transform"}],"nm":"Group 1","np":2,"cix":2,"bm":0,"ix":1,"mn":"ADBE Vector Group","hd":false}],"ip":0,"op":933,"st":0,"bm":0},{"ddd":0,"ind":11,"ty":4,"nm":"Layer 48 Outlines","sr":1,"ks":{"o":{"a":0,"k":100,"ix":11},"r":{"a":0,"k":0,"ix":10},"p":{"a":0,"k":[216.164,267.964,0],"ix":2},"a":{"a":0,"k":[25.698,10.829,0],"ix":1},"s":{"a":0,"k":[100,100,100],"ix":6}},"ao":0,"shapes":[{"ty":"gr","it":[{"ind":0,"ty":"sh","ix":1,"ks":{"a":0,"k":{"i":[[-8.953,-0.989],[0,0],[15.347,-1.945]],"o":[[0,0],[0,0],[-10.983,14.025]],"v":[[10.352,10.579],[25.448,-8.004],[-14.465,-8.633]],"c":true},"ix":2},"nm":"Path 1","mn":"ADBE Vector Shape - Group","hd":false},{"ty":"fl","c":{"a":0,"k":[0.380000005984,0.838999968884,1,1],"ix":4},"o":{"a":0,"k":100,"ix":5},"r":1,"bm":0,"nm":"Fill 1","mn":"ADBE Vector Graphic - Fill","hd":false},{"ty":"tr","p":{"a":0,"k":[25.698,10.829],"ix":2},"a":{"a":0,"k":[0,0],"ix":1},"s":{"a":0,"k":[100,100],"ix":3},"r":{"a":0,"k":0,"ix":6},"o":{"a":0,"k":100,"ix":7},"sk":{"a":0,"k":0,"ix":4},"sa":{"a":0,"k":0,"ix":5},"nm":"Transform"}],"nm":"Group 1","np":2,"cix":2,"bm":0,"ix":1,"mn":"ADBE Vector Group","hd":false}],"ip":0,"op":933,"st":0,"bm":0},{"ddd":0,"ind":12,"ty":4,"nm":"Layer 49 Outlines","sr":1,"ks":{"o":{"a":0,"k":100,"ix":11},"r":{"a":0,"k":0,"ix":10},"p":{"a":0,"k":[212.943,269.111,0],"ix":2},"a":{"a":0,"k":[28.919,14.144,0],"ix":1},"s":{"a":0,"k":[100,100,100],"ix":6}},"ao":0,"shapes":[{"ty":"gr","it":[{"ind":0,"ty":"sh","ix":1,"ks":{"a":0,"k":{"i":[[0,0],[6.045,-8.249],[0,0]],"o":[[0,0],[-6.046,8.248],[0,0]],"v":[[28.669,-9.151],[-22.623,-5.645],[9.948,13.894]],"c":true},"ix":2},"nm":"Path 1","mn":"ADBE Vector Shape - Group","hd":false},{"ty":"fl","c":{"a":0,"k":[1,1,1,1],"ix":4},"o":{"a":0,"k":100,"ix":5},"r":1,"bm":0,"nm":"Fill 1","mn":"ADBE Vector Graphic - Fill","hd":false},{"ty":"tr","p":{"a":0,"k":[28.919,14.144],"ix":2},"a":{"a":0,"k":[0,0],"ix":1},"s":{"a":0,"k":[100,100],"ix":3},"r":{"a":0,"k":0,"ix":6},"o":{"a":0,"k":100,"ix":7},"sk":{"a":0,"k":0,"ix":4},"sa":{"a":0,"k":0,"ix":5},"nm":"Transform"}],"nm":"Group 1","np":2,"cix":2,"bm":0,"ix":1,"mn":"ADBE Vector Group","hd":false}],"ip":0,"op":933,"st":0,"bm":0}]}],"layers":[{"ddd":0,"ind":1,"ty":0,"nm":"Stone-l","refId":"comp_0","sr":1,"ks":{"o":{"a":0,"k":100,"ix":11},"r":{"a":0,"k":0,"ix":10},"p":{"a":1,"k":[{"i":{"x":0.833,"y":0.833},"o":{"x":0.167,"y":0.167},"t":1,"s":[361.808,346.7,0],"to":[2.333,-2.25,0],"ti":[0,0,0]},{"i":{"x":0.833,"y":0.833},"o":{"x":0.167,"y":0.167},"t":188,"s":[375.808,333.2,0],"to":[0,0,0],"ti":[1.667,-1.667,0]},{"i":{"x":0.833,"y":0.833},"o":{"x":0.167,"y":0.167},"t":448,"s":[361.808,346.7,0],"to":[-1.667,1.667,0],"ti":[0,0,0]},{"i":{"x":0.833,"y":0.833},"o":{"x":0.167,"y":0.167},"t":604,"s":[365.808,343.2,0],"to":[0,0,0],"ti":[0.667,-0.583,0]},{"t":755,"s":[361.808,346.7,0]}],"ix":2,"x":"var $bm_rt;\n$bm_rt = loopOutDuration('cycle', 0);"},"a":{"a":0,"k":[361.808,346.7,0],"ix":1},"s":{"a":0,"k":[100,100,100],"ix":6}},"ao":0,"w":500,"h":500,"ip":0,"op":900,"st":0,"bm":0},{"ddd":0,"ind":2,"ty":4,"nm":"stone-s","sr":1,"ks":{"o":{"a":0,"k":100,"ix":11},"r":{"a":1,"k":[{"i":{"x":[0.833],"y":[0.833]},"o":{"x":[0.167],"y":[0.167]},"t":0,"s":[0]},{"t":754,"s":[360]}],"ix":10},"p":{"a":0,"k":[158.174,231.411,0],"ix":2},"a":{"a":0,"k":[7.206,7.433,0],"ix":1},"s":{"a":0,"k":[100,100,100],"ix":6}},"ao":0,"shapes":[{"ty":"gr","it":[{"ind":0,"ty":"sh","ix":1,"ks":{"a":0,"k":{"i":[[0.305,-0.078],[0.947,-0.795],[0.751,-1.312],[0.446,-0.271],[0.588,0.327],[0.664,1.139],[0.151,-0.229],[-0.027,-0.362],[-0.286,-0.284],[-1.511,-1.499],[-0.438,-0.084],[-0.439,0.316],[-1.22,2.791],[0.337,1.114]],"o":[[-1.198,0.307],[-1.158,0.973],[-0.26,0.454],[-0.575,0.349],[-1.127,-0.628],[-0.168,0.26],[-0.201,0.302],[0.029,0.401],[1.512,1.499],[0.316,0.314],[0.532,0.103],[2.473,-1.779],[0.487,-1.113],[-0.321,-0.01]],"v":[[5.692,-5.668],[2.557,-3.748],[-0.535,-0.462],[-1.468,0.773],[-3.387,0.627],[-5.895,-2.218],[-6.375,-1.479],[-6.753,-0.481],[-6.134,0.525],[-1.6,5.022],[-0.502,5.749],[0.995,5.25],[6.015,-2.247],[6.641,-5.769]],"c":true},"ix":2},"nm":"Path 1","mn":"ADBE Vector Shape - Group","hd":false},{"ty":"fl","c":{"a":0,"k":[0.929000016755,0.929000016755,0.929000016755,1],"ix":4},"o":{"a":0,"k":100,"ix":5},"r":1,"bm":0,"nm":"Fill 1","mn":"ADBE Vector Graphic - Fill","hd":false},{"ty":"tr","p":{"a":0,"k":[7.03,8.763],"ix":2},"a":{"a":0,"k":[0,0],"ix":1},"s":{"a":0,"k":[100,100],"ix":3},"r":{"a":0,"k":0,"ix":6},"o":{"a":0,"k":100,"ix":7},"sk":{"a":0,"k":0,"ix":4},"sa":{"a":0,"k":0,"ix":5},"nm":"Transform"}],"nm":"Group 1","np":4,"cix":2,"bm":0,"ix":1,"mn":"ADBE Vector Group","hd":false},{"ty":"gr","it":[{"ind":0,"ty":"sh","ix":1,"ks":{"a":0,"k":{"i":[[1.276,-1.923],[-0.027,-0.362],[-0.285,-0.284],[-1.511,-1.499],[-0.438,-0.085],[-0.44,0.316],[-1.221,2.791],[0.711,1.213],[1.892,-0.854]],"o":[[-0.201,0.302],[0.03,0.401],[1.512,1.499],[0.317,0.314],[0.531,0.102],[2.472,-1.779],[0.563,-1.288],[-1.162,-1.979],[-2.212,1]],"v":[[-6.551,-0.149],[-6.93,0.85],[-6.311,1.856],[-1.777,6.352],[-0.678,7.08],[0.82,6.58],[5.84,-0.916],[6.246,-4.95],[-1.219,-6.329]],"c":true},"ix":2},"nm":"Path 1","mn":"ADBE Vector Shape - Group","hd":false},{"ty":"fl","c":{"a":0,"k":[0.929000016755,0.929000016755,0.929000016755,1],"ix":4},"o":{"a":0,"k":100,"ix":5},"r":1,"bm":0,"nm":"Fill 1","mn":"ADBE Vector Graphic - Fill","hd":false},{"ty":"tr","p":{"a":0,"k":[7.206,7.433],"ix":2},"a":{"a":0,"k":[0,0],"ix":1},"s":{"a":0,"k":[100,100],"ix":3},"r":{"a":0,"k":0,"ix":6},"o":{"a":0,"k":100,"ix":7},"sk":{"a":0,"k":0,"ix":4},"sa":{"a":0,"k":0,"ix":5},"nm":"Transform"}],"nm":"Group 2","np":4,"cix":2,"bm":0,"ix":2,"mn":"ADBE Vector Group","hd":false}],"ip":0,"op":900,"st":0,"bm":0},{"ddd":0,"ind":3,"ty":0,"nm":"stone-m","refId":"comp_1","sr":1,"ks":{"o":{"a":0,"k":100,"ix":11},"r":{"a":1,"k":[{"i":{"x":[0.833],"y":[0.833]},"o":{"x":[0.167],"y":[0.167]},"t":0,"s":[0]},{"t":755,"s":[360]}],"ix":10},"p":{"a":0,"k":[312.899,332.629,0],"ix":2},"a":{"a":0,"k":[312.899,332.629,0],"ix":1},"s":{"a":0,"k":[100,100,100],"ix":6}},"ao":0,"w":500,"h":500,"ip":0,"op":900,"st":0,"bm":0},{"ddd":0,"ind":4,"ty":4,"nm":"stone-m","sr":1,"ks":{"o":{"a":0,"k":100,"ix":11},"r":{"a":1,"k":[{"i":{"x":[0.833],"y":[0.833]},"o":{"x":[0.167],"y":[0.167]},"t":0,"s":[0]},{"t":755,"s":[360]}],"ix":10},"p":{"a":0,"k":[161.042,277.478,0],"ix":2},"a":{"a":0,"k":[14.508,17.51,0],"ix":1},"s":{"a":0,"k":[100,100,100],"ix":6}},"ao":0,"shapes":[{"ty":"gr","it":[{"ind":0,"ty":"sh","ix":1,"ks":{"a":0,"k":{"i":[[-2.678,0.467],[-1.189,3.228],[1.795,-0.003],[1.097,-0.18],[-0.351,-2.08]],"o":[[1.189,-3.228],[-1.358,-1.08],[-0.935,0.001],[-0.78,1.987],[0.453,2.68]],"v":[[1.074,5.547],[4.639,-4.136],[-0.474,-5.604],[-3.566,-5.336],[-4.531,0.818]],"c":true},"ix":2},"nm":"Path 1","mn":"ADBE Vector Shape - Group","hd":false},{"ty":"fl","c":{"a":0,"k":[0.86274510622,0.86274510622,0.866666674614,1],"ix":4},"o":{"a":0,"k":100,"ix":5},"r":1,"bm":0,"nm":"Fill 1","mn":"ADBE Vector Graphic - Fill","hd":false},{"ty":"tr","p":{"a":0,"k":[14.998,5.858],"ix":2},"a":{"a":0,"k":[0,0],"ix":1},"s":{"a":0,"k":[100,100],"ix":3},"r":{"a":0,"k":0,"ix":6},"o":{"a":0,"k":100,"ix":7},"sk":{"a":0,"k":0,"ix":4},"sa":{"a":0,"k":0,"ix":5},"nm":"Transform"}],"nm":"Group 1","np":4,"cix":2,"bm":0,"ix":1,"mn":"ADBE Vector Group","hd":false},{"ty":"gr","it":[{"ind":0,"ty":"sh","ix":1,"ks":{"a":0,"k":{"i":[[-0.426,1.399],[0.221,0.178],[0.297,3.051],[0.343,-2.05],[-0.12,-2.076],[0.915,-0.827],[0.837,1.158],[0.14,0.904],[3.941,3.22],[0.483,1.197],[-0.428,1.409],[-0.532,1.753],[0.863,-1.269],[-1.624,-2.524],[-1.068,-1.003],[-1.674,-3.325],[-3.704,0.369],[-1.213,1.938]],"o":[[-0.24,-0.154],[-2.382,-1.928],[-1.916,-0.804],[-0.344,2.05],[0.07,1.23],[-1.059,0.958],[-0.536,-0.742],[-0.775,-5.032],[-1,-0.818],[-0.552,-1.365],[0.531,-1.752],[-1.571,0.717],[-1.675,2.459],[0.793,1.233],[2.712,2.55],[1.674,3.325],[2.274,-0.227],[0.773,-1.236]],"v":[[12.501,8.467],[11.794,7.987],[10.807,-0.79],[6.473,2.458],[6.953,8.651],[5.914,12.07],[2.137,11.672],[1.365,9.066],[-6.045,-3.897],[-8.654,-6.699],[-8.354,-11.016],[-6.76,-16.273],[-10.568,-13.319],[-11.698,-2.673],[-8.53,0.35],[-3.1,10.022],[5.343,16.245],[10.781,12.467]],"c":true},"ix":2},"nm":"Path 1","mn":"ADBE Vector Shape - Group","hd":false},{"ty":"fl","c":{"a":0,"k":[0.86274510622,0.86274510622,0.866666674614,1],"ix":4},"o":{"a":0,"k":100,"ix":5},"r":1,"bm":0,"nm":"Fill 1","mn":"ADBE Vector Graphic - Fill","hd":false},{"ty":"tr","p":{"a":0,"k":[13.571,18.157],"ix":2},"a":{"a":0,"k":[0,0],"ix":1},"s":{"a":0,"k":[100,100],"ix":3},"r":{"a":0,"k":0,"ix":6},"o":{"a":0,"k":100,"ix":7},"sk":{"a":0,"k":0,"ix":4},"sa":{"a":0,"k":0,"ix":5},"nm":"Transform"}],"nm":"Group 2","np":4,"cix":2,"bm":0,"ix":2,"mn":"ADBE Vector Group","hd":false},{"ty":"gr","it":[{"ind":0,"ty":"sh","ix":1,"ks":{"a":0,"k":{"i":[[-1.624,-2.525],[-1.067,-1.002],[-1.675,-3.324],[-3.704,0.369],[-1.213,1.938],[-0.576,2.212],[2.971,3.246],[0.807,1.412],[0.892,1.585],[2.385,-0.004],[2.229,-3.273]],"o":[[0.793,1.231],[2.712,2.55],[1.673,3.326],[2.275,-0.228],[1.211,-1.938],[1.109,-4.258],[-1.098,-1.201],[-0.903,-1.58],[-1.169,-2.078],[-3.679,0.005],[-1.674,2.459]],"v":[[-12.634,-2.026],[-9.467,0.995],[-4.036,10.667],[4.406,16.891],[9.845,13.113],[12.225,6.712],[11.287,-5.88],[7.836,-9.299],[6.247,-14.493],[0.016,-17.257],[-11.505,-12.673]],"c":true},"ix":2},"nm":"Path 1","mn":"ADBE Vector Shape - Group","hd":false},{"ty":"fl","c":{"a":0,"k":[0.929000016755,0.929000016755,0.929000016755,1],"ix":4},"o":{"a":0,"k":100,"ix":5},"r":1,"bm":0,"nm":"Fill 1","mn":"ADBE Vector Graphic - Fill","hd":false},{"ty":"tr","p":{"a":0,"k":[14.508,17.511],"ix":2},"a":{"a":0,"k":[0,0],"ix":1},"s":{"a":0,"k":[100,100],"ix":3},"r":{"a":0,"k":0,"ix":6},"o":{"a":0,"k":100,"ix":7},"sk":{"a":0,"k":0,"ix":4},"sa":{"a":0,"k":0,"ix":5},"nm":"Transform"}],"nm":"Group 3","np":4,"cix":2,"bm":0,"ix":3,"mn":"ADBE Vector Group","hd":false}],"ip":0,"op":900,"st":0,"bm":0},{"ddd":0,"ind":5,"ty":4,"nm":"stone","sr":1,"ks":{"o":{"a":0,"k":100,"ix":11},"r":{"a":1,"k":[{"i":{"x":[0.833],"y":[0.833]},"o":{"x":[0.167],"y":[0.167]},"t":0,"s":[0]},{"t":755,"s":[360]}],"ix":10},"p":{"a":0,"k":[93.441,254.322,0],"ix":2},"a":{"a":0,"k":[14.722,12.605,0],"ix":1},"s":{"a":0,"k":[100,100,100],"ix":6}},"ao":0,"shapes":[{"ty":"gr","it":[{"ind":0,"ty":"sh","ix":1,"ks":{"a":0,"k":{"i":[[0.557,0.488],[2.27,1.986],[0.03,0.359],[-0.19,0.265],[-0.337,0.439],[3.777,-0.632],[0.428,-1.115],[-0.868,-1.326],[-0.801,-0.258],[-3.031,0.213],[0.932,-1.574],[1.763,0.49],[1.74,0.481],[0.246,-0.303],[0.001,-0.264],[0.004,-0.73],[-0.758,-0.736],[-1.099,-0.387],[-2.05,0.968],[-1.628,0.77],[-0.512,0.361],[-0.285,1.343],[0.172,0.562]],"o":[[-2.27,-1.986],[-0.271,-0.237],[-0.027,-0.325],[0.322,-0.45],[-3.577,-1.405],[0.008,1.187],[-0.567,1.48],[0.461,0.704],[2.892,0.931],[0.615,1.724],[-0.932,1.574],[-1.738,-0.483],[-0.376,-0.103],[-0.166,0.206],[-0.005,0.73],[0.713,0.778],[0.836,0.812],[2.138,0.751],[1.627,-0.77],[0.571,-0.269],[0.671,-1.198],[0.122,-0.576],[-0.215,-0.708]],"v":[[8.653,-0.502],[1.842,-6.461],[1.251,-7.331],[1.61,-8.218],[2.619,-9.535],[-8.527,-11.288],[-9.143,-7.801],[-9.746,-3.287],[-7.644,-1.983],[1.35,-0.892],[1.033,4.412],[-3.63,6.491],[-8.297,3.812],[-9.386,3.997],[-9.562,4.752],[-9.576,6.941],[-7.371,9.215],[-4.541,11.22],[1.966,10.016],[6.85,7.707],[8.508,6.794],[9.974,2.966],[10.008,1.22]],"c":true},"ix":2},"nm":"Path 1","mn":"ADBE Vector Shape - Group","hd":false},{"ty":"fl","c":{"a":0,"k":[0.86274510622,0.86274510622,0.866666674614,1],"ix":4},"o":{"a":0,"k":100,"ix":5},"r":1,"bm":0,"nm":"Fill 1","mn":"ADBE Vector Graphic - Fill","hd":false},{"ty":"tr","p":{"a":0,"k":[18.487,12.991],"ix":2},"a":{"a":0,"k":[0,0],"ix":1},"s":{"a":0,"k":[100,100],"ix":3},"r":{"a":0,"k":0,"ix":6},"o":{"a":0,"k":100,"ix":7},"sk":{"a":0,"k":0,"ix":4},"sa":{"a":0,"k":0,"ix":5},"nm":"Transform"}],"nm":"Group 1","np":4,"cix":2,"bm":0,"ix":1,"mn":"ADBE Vector Group","hd":false},{"ty":"gr","it":[{"ind":0,"ty":"sh","ix":1,"ks":{"a":0,"k":{"i":[[-2.615,-4.164],[-3.143,-3.052],[-1.1,-0.386],[-2.049,0.969],[-1.628,0.768],[-0.635,0.669],[-0.063,1.813],[1.599,1.891],[1.384,0.616],[5.591,-2.163]],"o":[[2.331,3.711],[0.837,0.813],[2.138,0.751],[1.628,-0.769],[0.835,-0.395],[1.25,-1.315],[0.084,-2.476],[-0.978,-1.157],[-5.137,-2.288],[-4.079,1.578]],"v":[[-11.857,-0.595],[-3.607,9.599],[-0.776,11.604],[5.73,10.4],[10.615,8.093],[12.94,6.62],[14.385,1.504],[12.873,-5.59],[9.078,-8.016],[-7.396,-10.193]],"c":true},"ix":2},"nm":"Path 1","mn":"ADBE Vector Shape - Group","hd":false},{"ty":"fl","c":{"a":0,"k":[0.929000016755,0.929000016755,0.929000016755,1],"ix":4},"o":{"a":0,"k":100,"ix":5},"r":1,"bm":0,"nm":"Fill 1","mn":"ADBE Vector Graphic - Fill","hd":false},{"ty":"tr","p":{"a":0,"k":[14.722,12.606],"ix":2},"a":{"a":0,"k":[0,0],"ix":1},"s":{"a":0,"k":[100,100],"ix":3},"r":{"a":0,"k":0,"ix":6},"o":{"a":0,"k":100,"ix":7},"sk":{"a":0,"k":0,"ix":4},"sa":{"a":0,"k":0,"ix":5},"nm":"Transform"}],"nm":"Group 2","np":4,"cix":2,"bm":0,"ix":2,"mn":"ADBE Vector Group","hd":false}],"ip":0,"op":900,"st":0,"bm":0},{"ddd":0,"ind":6,"ty":4,"nm":"stone","sr":1,"ks":{"o":{"a":0,"k":100,"ix":11},"r":{"a":0,"k":0,"ix":10},"p":{"a":1,"k":[{"i":{"x":0.833,"y":0.833},"o":{"x":0.167,"y":0.167},"t":0,"s":[123.525,207.347,0],"to":[3.333,-3.333,0],"ti":[0,0,0]},{"i":{"x":0.833,"y":0.833},"o":{"x":0.167,"y":0.167},"t":189,"s":[143.525,187.347,0],"to":[0,0,0],"ti":[0,0,0]},{"i":{"x":0.833,"y":0.833},"o":{"x":0.167,"y":0.167},"t":400,"s":[123.525,207.347,0],"to":[0,0,0],"ti":[0,0,0]},{"i":{"x":0.833,"y":0.833},"o":{"x":0.167,"y":0.167},"t":594,"s":[143.525,187.347,0],"to":[0,0,0],"ti":[3.333,-3.333,0]},{"t":756,"s":[123.525,207.347,0]}],"ix":2},"a":{"a":0,"k":[30.928,28.001,0],"ix":1},"s":{"a":0,"k":[100,100,100],"ix":6}},"ao":0,"shapes":[{"ty":"gr","it":[{"ind":0,"ty":"sh","ix":1,"ks":{"a":0,"k":{"i":[[7.853,-5.609],[0,0],[0,0],[-14.82,3.952],[0,0.25],[0,0],[-7.75,-0.25],[0.75,-5.75],[0,0],[1.5,8.5],[10.235,2.559],[-4.854,-7.28],[-1,-2.5],[1.75,-4.75],[0.25,0],[16.07,15.698]],"o":[[-3.5,2.5],[0,0],[0,0],[7.5,-2],[0,-0.25],[0,0],[7.75,0.25],[-0.75,5.75],[0,0],[-1.5,-8.5],[0.25,0.25],[5.5,8.25],[0.464,1.161],[-2.054,5.576],[-0.194,0],[-4.096,-4.002]],"v":[[100.403,-0.346],[93.403,4.404],[80.403,13.654],[87.653,37.654],[92.653,33.904],[88.903,25.404],[99.903,20.904],[102.653,27.904],[104.903,32.904],[112.903,29.154],[103.903,9.154],[115.653,9.904],[119.653,20.154],[120.653,28.904],[126.153,36.904],[122.833,9.705]],"c":true},"ix":2},"nm":"Path 1","mn":"ADBE Vector Shape - Group","hd":false},{"ty":"fl","c":{"a":0,"k":[0.862745098039,0.862745098039,0.866666666667,1],"ix":4},"o":{"a":0,"k":100,"ix":5},"r":1,"bm":0,"nm":"Fill 1","mn":"ADBE Vector Graphic - Fill","hd":false},{"ty":"tr","p":{"a":0,"k":[-70,2.5],"ix":2},"a":{"a":0,"k":[0,0],"ix":1},"s":{"a":0,"k":[100,100],"ix":3},"r":{"a":0,"k":0,"ix":6},"o":{"a":0,"k":100,"ix":7},"sk":{"a":0,"k":0,"ix":4},"sa":{"a":0,"k":0,"ix":5},"nm":"Transform"}],"nm":"Shape 1","np":3,"cix":2,"bm":0,"ix":1,"mn":"ADBE Vector Group","hd":false},{"ty":"gr","it":[{"ind":0,"ty":"sh","ix":1,"ks":{"a":0,"k":{"i":[[-2.377,0.619],[-3.616,3.092],[-1.557,1.578],[3.668,-0.957],[2.929,-3.616],[-0.391,-1.969]],"o":[[4.604,-1.198],[1.654,-1.414],[-3.037,-2.167],[-4.502,1.176],[-1.398,1.727],[2.458,0.169]],"v":[[-4.785,6.751],[7.266,-0.654],[12.151,-5.129],[1.269,-6.893],[-9.946,1.016],[-12.071,7.264]],"c":true},"ix":2},"nm":"Path 1","mn":"ADBE Vector Shape - Group","hd":false},{"ty":"fl","c":{"a":0,"k":[0.86274510622,0.86274510622,0.866666674614,1],"ix":4},"o":{"a":0,"k":100,"ix":5},"r":1,"bm":0,"nm":"Fill 1","mn":"ADBE Vector Graphic - Fill","hd":false},{"ty":"tr","p":{"a":0,"k":[41.385,47.895],"ix":2},"a":{"a":0,"k":[0,0],"ix":1},"s":{"a":0,"k":[100,100],"ix":3},"r":{"a":0,"k":0,"ix":6},"o":{"a":0,"k":100,"ix":7},"sk":{"a":0,"k":0,"ix":4},"sa":{"a":0,"k":0,"ix":5},"nm":"Transform"}],"nm":"Group 1","np":4,"cix":2,"bm":0,"ix":2,"mn":"ADBE Vector Group","hd":false},{"ty":"gr","it":[{"ind":0,"ty":"sh","ix":1,"ks":{"a":0,"k":{"i":[[-3.141,-5.724],[-2.43,-2.362],[-2.812,-1.385],[-2.107,-0.313],[-4.245,1.105],[-3.616,3.091],[-1.101,6.964],[3.833,4.526],[4.955,3.258],[2.392,-0.155],[2.245,-2.415],[5.64,-5.133]],"o":[[1.63,2.971],[2.248,2.185],[1.912,0.94],[4.339,0.643],[4.605,-1.198],[5.359,-4.582],[0.927,-5.858],[-3.832,-4.525],[-2.003,-1.317],[-3.291,0.214],[-5.639,6.067],[-4.912,4.471]],"v":[[-27.537,11.371],[-20.626,18.761],[-13.558,24.893],[-7.392,26.471],[5.671,26.645],[17.722,19.24],[29.751,2.406],[24.306,-13.958],[10.49,-25.063],[3.901,-27.596],[-5.965,-22.038],[-23.524,-9.954]],"c":true},"ix":2},"nm":"Path 1","mn":"ADBE Vector Shape - Group","hd":false},{"ty":"fl","c":{"a":0,"k":[0.929000016755,0.929000016755,0.929000016755,1],"ix":4},"o":{"a":0,"k":100,"ix":5},"r":1,"bm":0,"nm":"Fill 1","mn":"ADBE Vector Graphic - Fill","hd":false},{"ty":"tr","p":{"a":0,"k":[30.928,28.001],"ix":2},"a":{"a":0,"k":[0,0],"ix":1},"s":{"a":0,"k":[100,100],"ix":3},"r":{"a":0,"k":0,"ix":6},"o":{"a":0,"k":100,"ix":7},"sk":{"a":0,"k":0,"ix":4},"sa":{"a":0,"k":0,"ix":5},"nm":"Transform"}],"nm":"Group 3","np":4,"cix":2,"bm":0,"ix":3,"mn":"ADBE Vector Group","hd":false}],"ip":0,"op":900,"st":0,"bm":0},{"ddd":0,"ind":7,"ty":4,"nm":"stone-s","sr":1,"ks":{"o":{"a":0,"k":100,"ix":11},"r":{"a":1,"k":[{"i":{"x":[0.833],"y":[0.833]},"o":{"x":[0.167],"y":[0.167]},"t":0,"s":[0]},{"t":756,"s":[360]}],"ix":10},"p":{"a":0,"k":[332.808,375.7,0],"ix":2},"a":{"a":0,"k":[7.32,6.071,0],"ix":1},"s":{"a":0,"k":[100,100,100],"ix":6}},"ao":0,"shapes":[{"ty":"gr","it":[{"ind":0,"ty":"sh","ix":1,"ks":{"a":0,"k":{"i":[[-2.779,-4.576],[-2.493,-0.497],[-0.829,0.497],[-0.283,0.78],[-0.033,1.284],[0.566,0.928],[1.662,0.037]],"o":[[1.318,2.173],[0.948,0.189],[0.712,-0.427],[0.439,-1.207],[0.028,-1.086],[-0.863,-1.418],[-3.966,-0.087]],"v":[[-4.291,1.79],[2.105,5.52],[4.93,5.324],[6.328,3.324],[7.042,-0.445],[6.371,-3.588],[2.105,-5.734]],"c":true},"ix":2},"nm":"Path 1","mn":"ADBE Vector Shape - Group","hd":false},{"ty":"fl","c":{"a":0,"k":[0.929000016755,0.929000016755,0.929000016755,1],"ix":4},"o":{"a":0,"k":100,"ix":5},"r":1,"bm":0,"nm":"Fill 1","mn":"ADBE Vector Graphic - Fill","hd":false},{"ty":"tr","p":{"a":0,"k":[7.32,6.071],"ix":2},"a":{"a":0,"k":[0,0],"ix":1},"s":{"a":0,"k":[100,100],"ix":3},"r":{"a":0,"k":0,"ix":6},"o":{"a":0,"k":100,"ix":7},"sk":{"a":0,"k":0,"ix":4},"sa":{"a":0,"k":0,"ix":5},"nm":"Transform"}],"nm":"Group 1","np":4,"cix":2,"bm":0,"ix":1,"mn":"ADBE Vector Group","hd":false}],"ip":0,"op":900,"st":0,"bm":0},{"ddd":0,"ind":8,"ty":4,"nm":"stone-s","sr":1,"ks":{"o":{"a":0,"k":100,"ix":11},"r":{"a":1,"k":[{"i":{"x":[0.833],"y":[0.833]},"o":{"x":[0.167],"y":[0.167]},"t":0,"s":[0]},{"t":756,"s":[360]}],"ix":10},"p":{"a":0,"k":[127.859,274.657,0],"ix":2},"a":{"a":0,"k":[7.32,6.072,0],"ix":1},"s":{"a":0,"k":[100,100,100],"ix":6}},"ao":0,"shapes":[{"ty":"gr","it":[{"ind":0,"ty":"sh","ix":1,"ks":{"a":0,"k":{"i":[[-2.779,-4.577],[-2.493,-0.497],[-0.829,0.497],[-0.284,0.779],[-0.033,1.284],[0.565,0.928],[1.661,0.036]],"o":[[1.319,2.173],[0.948,0.19],[0.712,-0.427],[0.438,-1.207],[0.029,-1.086],[-0.864,-1.418],[-3.967,-0.088]],"v":[[-4.292,1.79],[2.105,5.52],[4.93,5.325],[6.329,3.325],[7.042,-0.444],[6.372,-3.587],[2.105,-5.733]],"c":true},"ix":2},"nm":"Path 1","mn":"ADBE Vector Shape - Group","hd":false},{"ty":"fl","c":{"a":0,"k":[0.929000016755,0.929000016755,0.929000016755,1],"ix":4},"o":{"a":0,"k":100,"ix":5},"r":1,"bm":0,"nm":"Fill 1","mn":"ADBE Vector Graphic - Fill","hd":false},{"ty":"tr","p":{"a":0,"k":[7.32,6.072],"ix":2},"a":{"a":0,"k":[0,0],"ix":1},"s":{"a":0,"k":[100,100],"ix":3},"r":{"a":0,"k":0,"ix":6},"o":{"a":0,"k":100,"ix":7},"sk":{"a":0,"k":0,"ix":4},"sa":{"a":0,"k":0,"ix":5},"nm":"Transform"}],"nm":"Group 1","np":4,"cix":2,"bm":0,"ix":1,"mn":"ADBE Vector Group","hd":false}],"ip":0,"op":900,"st":0,"bm":0},{"ddd":0,"ind":9,"ty":0,"nm":"rocket and person","refId":"comp_2","sr":1,"ks":{"o":{"a":0,"k":100,"ix":11},"r":{"a":0,"k":0,"ix":10},"p":{"a":1,"k":[{"i":{"x":0.833,"y":0.833},"o":{"x":0.167,"y":0.167},"t":0,"s":[279.75,207,0],"to":[1.348,-1,0],"ti":[-0.723,0.5,0]},{"i":{"x":0.833,"y":0.833},"o":{"x":0.167,"y":0.167},"t":41,"s":[287.837,201,0],"to":[0.723,-0.5,0],"ti":[1.348,-1,0]},{"i":{"x":0.833,"y":0.833},"o":{"x":0.167,"y":0.167},"t":163,"s":[284.087,204,0],"to":[-1.348,1,0],"ti":[0.723,-0.5,0]},{"t":189,"s":[279.75,207,0]}],"ix":2,"x":"var $bm_rt;\n$bm_rt = loopOutDuration('cycle', 0);"},"a":{"a":0,"k":[250,250,0],"ix":1},"s":{"a":0,"k":[100,100,100],"ix":6}},"ao":0,"w":500,"h":500,"ip":0,"op":900,"st":0,"bm":0},{"ddd":0,"ind":10,"ty":4,"nm":"Layer 20 Outlines","sr":1,"ks":{"o":{"a":0,"k":100,"ix":11},"r":{"a":0,"k":0,"ix":10},"p":{"a":0,"k":[305.383,25.403,0],"ix":2},"a":{"a":0,"k":[0.859,0.859,0],"ix":1},"s":{"a":0,"k":[100,100,100],"ix":6}},"ao":0,"shapes":[{"ty":"gr","it":[{"ind":0,"ty":"sh","ix":1,"ks":{"a":0,"k":{"i":[[0.217,-0.217],[0.217,0.216],[-0.217,0.217],[-0.217,-0.217]],"o":[[-0.217,0.216],[-0.217,-0.217],[0.217,-0.217],[0.217,0.217]],"v":[[0.393,0.393],[-0.392,0.393],[-0.392,-0.392],[0.393,-0.392]],"c":true},"ix":2},"nm":"Path 1","mn":"ADBE Vector Shape - Group","hd":false},{"ty":"fl","c":{"a":0,"k":[1,1,1,1],"ix":4},"o":{"a":0,"k":100,"ix":5},"r":1,"bm":0,"nm":"Fill 1","mn":"ADBE Vector Graphic - Fill","hd":false},{"ty":"tr","p":{"a":0,"k":[0.859,0.859],"ix":2},"a":{"a":0,"k":[0,0],"ix":1},"s":{"a":0,"k":[100,100],"ix":3},"r":{"a":0,"k":0,"ix":6},"o":{"a":0,"k":100,"ix":7},"sk":{"a":0,"k":0,"ix":4},"sa":{"a":0,"k":0,"ix":5},"nm":"Transform"}],"nm":"Group 1","np":4,"cix":2,"bm":0,"ix":1,"mn":"ADBE Vector Group","hd":false}],"ip":0,"op":900,"st":0,"bm":0},{"ddd":0,"ind":11,"ty":4,"nm":"yellow ball","sr":1,"ks":{"o":{"a":0,"k":100,"ix":11},"r":{"a":0,"k":0,"ix":10},"p":{"a":0,"k":[372.088,282.373,0],"ix":2},"a":{"a":0,"k":[5.08,5.08,0],"ix":1},"s":{"a":1,"k":[{"i":{"x":[0.667,0.667,0.667],"y":[1,1,1]},"o":{"x":[0.333,0.333,0.333],"y":[0,0,0]},"t":0,"s":[100,100,100]},{"i":{"x":[0.667,0.667,0.667],"y":[1,1,1]},"o":{"x":[0.333,0.333,0.333],"y":[0,0,0]},"t":31,"s":[80,80,100]},{"t":63,"s":[100,100,100]}],"ix":6,"x":"var $bm_rt;\n$bm_rt = loopOutDuration('cycle', 0);"}},"ao":0,"shapes":[{"ty":"gr","it":[{"ind":0,"ty":"sh","ix":1,"ks":{"a":0,"k":{"i":[[0,-2.668],[2.668,0],[0,2.668],[-2.668,0]],"o":[[0,2.668],[-2.668,0],[0,-2.668],[2.668,0]],"v":[[4.831,-0.001],[-0.001,4.831],[-4.831,-0.001],[-0.001,-4.831]],"c":true},"ix":2},"nm":"Path 1","mn":"ADBE Vector Shape - Group","hd":false},{"ty":"fl","c":{"a":0,"k":[1,0.745000023935,0.149000010771,1],"ix":4},"o":{"a":0,"k":100,"ix":5},"r":1,"bm":0,"nm":"Fill 1","mn":"ADBE Vector Graphic - Fill","hd":false},{"ty":"tr","p":{"a":0,"k":[5.081,5.081],"ix":2},"a":{"a":0,"k":[0,0],"ix":1},"s":{"a":0,"k":[100,100],"ix":3},"r":{"a":0,"k":0,"ix":6},"o":{"a":0,"k":100,"ix":7},"sk":{"a":0,"k":0,"ix":4},"sa":{"a":0,"k":0,"ix":5},"nm":"Transform"}],"nm":"Group 1","np":4,"cix":2,"bm":0,"ix":1,"mn":"ADBE Vector Group","hd":false}],"ip":0,"op":900,"st":0,"bm":0},{"ddd":0,"ind":12,"ty":4,"nm":"pink ball","sr":1,"ks":{"o":{"a":0,"k":100,"ix":11},"r":{"a":0,"k":0,"ix":10},"p":{"a":0,"k":[266.936,117.581,0],"ix":2},"a":{"a":0,"k":[9.911,9.911,0],"ix":1},"s":{"a":1,"k":[{"i":{"x":[0.667,0.667,0.667],"y":[1,1,1]},"o":{"x":[0.333,0.333,0.333],"y":[0,0,0]},"t":25,"s":[100,100,100]},{"i":{"x":[0.667,0.667,0.667],"y":[1,1,1]},"o":{"x":[0.333,0.333,0.333],"y":[0,0,0]},"t":55,"s":[80,80,100]},{"t":83,"s":[100,100,100]}],"ix":6,"x":"var $bm_rt;\n$bm_rt = loopOutDuration('cycle', 0);"}},"ao":0,"shapes":[{"ty":"gr","it":[{"ind":0,"ty":"sh","ix":1,"ks":{"a":0,"k":{"i":[[0,-5.335],[5.336,0],[0,5.336],[-5.336,0]],"o":[[0,5.336],[-5.336,0],[0,-5.335],[5.336,0]],"v":[[9.661,0],[0,9.661],[-9.661,0],[0,-9.661]],"c":true},"ix":2},"nm":"Path 1","mn":"ADBE Vector Shape - Group","hd":false},{"ty":"fl","c":{"a":0,"k":[1,0.125,0.654999976065,1],"ix":4},"o":{"a":0,"k":100,"ix":5},"r":1,"bm":0,"nm":"Fill 1","mn":"ADBE Vector Graphic - Fill","hd":false},{"ty":"tr","p":{"a":0,"k":[9.911,9.911],"ix":2},"a":{"a":0,"k":[0,0],"ix":1},"s":{"a":0,"k":[100,100],"ix":3},"r":{"a":0,"k":0,"ix":6},"o":{"a":0,"k":100,"ix":7},"sk":{"a":0,"k":0,"ix":4},"sa":{"a":0,"k":0,"ix":5},"nm":"Transform"}],"nm":"Group 1","np":4,"cix":2,"bm":0,"ix":1,"mn":"ADBE Vector Group","hd":false}],"ip":0,"op":900,"st":0,"bm":0},{"ddd":0,"ind":13,"ty":4,"nm":"Layer 23 Outlines","sr":1,"ks":{"o":{"a":0,"k":100,"ix":11},"r":{"a":0,"k":0,"ix":10},"p":{"a":0,"k":[250,250,0],"ix":2},"a":{"a":0,"k":[194.553,194.553,0],"ix":1},"s":{"a":0,"k":[100,100,100],"ix":6}},"ao":0,"shapes":[{"ty":"gr","it":[{"ind":0,"ty":"sh","ix":1,"ks":{"a":0,"k":{"i":[[0,-107.311],[107.311,0],[0,107.311],[-107.31,0]],"o":[[0,107.311],[-107.31,0],[0,-107.311],[107.311,0]],"v":[[194.303,0],[0,194.303],[-194.303,0],[0,-194.303]],"c":true},"ix":2},"nm":"Path 1","mn":"ADBE Vector Shape - Group","hd":false},{"ty":"fl","c":{"a":0,"k":[0.493999974868,0.677999997606,0.976000019148,1],"ix":4},"o":{"a":0,"k":100,"ix":5},"r":1,"bm":0,"nm":"Fill 1","mn":"ADBE Vector Graphic - Fill","hd":false},{"ty":"tr","p":{"a":0,"k":[194.553,194.553],"ix":2},"a":{"a":0,"k":[0,0],"ix":1},"s":{"a":0,"k":[100,100],"ix":3},"r":{"a":0,"k":0,"ix":6},"o":{"a":0,"k":100,"ix":7},"sk":{"a":0,"k":0,"ix":4},"sa":{"a":0,"k":0,"ix":5},"nm":"Transform"}],"nm":"Group 1","np":4,"cix":2,"bm":0,"ix":1,"mn":"ADBE Vector Group","hd":false}],"ip":0,"op":900,"st":0,"bm":0},{"ddd":0,"ind":14,"ty":4,"nm":"Layer 24 Outlines","sr":1,"ks":{"o":{"a":0,"k":100,"ix":11},"r":{"a":0,"k":0,"ix":10},"p":{"a":0,"k":[250,250,0],"ix":2},"a":{"a":0,"k":[216,216,0],"ix":1},"s":{"a":0,"k":[100,100,100],"ix":6}},"ao":0,"shapes":[{"ty":"gr","it":[{"ind":0,"ty":"sh","ix":1,"ks":{"a":0,"k":{"i":[[0,-119.155],[119.155,0],[0,119.155],[-119.155,0]],"o":[[0,119.155],[-119.155,0],[0,-119.155],[119.155,0]],"v":[[215.75,0],[0,215.75],[-215.75,0],[0,-215.75]],"c":true},"ix":2},"nm":"Path 1","mn":"ADBE Vector Shape - Group","hd":false},{"ty":"fl","c":{"a":0,"k":[0.361000001197,0.525,0.936999990426,1],"ix":4},"o":{"a":0,"k":100,"ix":5},"r":1,"bm":0,"nm":"Fill 1","mn":"ADBE Vector Graphic - Fill","hd":false},{"ty":"tr","p":{"a":0,"k":[216,216],"ix":2},"a":{"a":0,"k":[0,0],"ix":1},"s":{"a":0,"k":[100,100],"ix":3},"r":{"a":0,"k":0,"ix":6},"o":{"a":0,"k":100,"ix":7},"sk":{"a":0,"k":0,"ix":4},"sa":{"a":0,"k":0,"ix":5},"nm":"Transform"}],"nm":"Group 1","np":4,"cix":2,"bm":0,"ix":1,"mn":"ADBE Vector Group","hd":false}],"ip":900,"op":900,"st":0,"bm":0,"hidden":0}],"markers":[]}