{"v":"5.7.6","fr":60,"ip":0,"op":163,"w":800,"h":300,"nm":"Comp 1","ddd":0,"assets":[{"id":"comp_0","layers":[{"ddd":0,"ind":1,"ty":0,"nm":"logo 4","refId":"comp_1","sr":1,"ks":{"o":{"a":0,"k":100,"ix":11},"r":{"a":1,"k":[{"i":{"x":[0.084],"y":[1.242]},"o":{"x":[0.678],"y":[0]},"t":0,"s":[0]},{"i":{"x":[0.823],"y":[1]},"o":{"x":[0.167],"y":[0]},"t":15,"s":[180]},{"i":{"x":[0.088],"y":[1.372]},"o":{"x":[0.47],"y":[0.013]},"t":141,"s":[180]},{"t":157,"s":[360]}],"ix":10},"p":{"a":0,"k":[284,146.5,0],"ix":2,"l":2},"a":{"a":0,"k":[381.918,97.505,0],"ix":1,"l":2},"s":{"a":0,"k":[52,52,100],"ix":6,"l":2}},"ao":0,"hasMask":true,"masksProperties":[{"inv":false,"mode":"a","pt":{"a":0,"k":{"i":[[0,0],[0,0],[0,0],[0,0],[-4.984,0],[0,0],[0,0],[0,0],[0,4.99]],"o":[[0,0],[0,0],[0,0],[0,0],[4.984,0],[0,0],[0,0],[0,0],[0,-4.99]],"v":[[352.844,72.555],[420.13,127.445],[381.918,153.227],[301.341,159.049],[303.002,207.285],[455.019,206.454],[472.463,126.613],[450.035,50.1],[384.41,45.941]],"c":true},"ix":1},"o":{"a":0,"k":100,"ix":3},"x":{"a":0,"k":0,"ix":4},"nm":"Mask 1"}],"w":817,"h":200,"ip":0,"op":300,"st":0,"bm":0},{"ddd":0,"ind":2,"ty":0,"nm":"logo 3","refId":"comp_2","sr":1,"ks":{"o":{"a":0,"k":100,"ix":11},"r":{"a":1,"k":[{"i":{"x":[0.088],"y":[1.235]},"o":{"x":[0.66],"y":[-0.04]},"t":0,"s":[0]},{"i":{"x":[0.804],"y":[1]},"o":{"x":[0.167],"y":[0]},"t":15,"s":[180]},{"i":{"x":[0.015],"y":[1.221]},"o":{"x":[0.458],"y":[0.023]},"t":141,"s":[180]},{"t":157,"s":[360]}],"ix":10},"p":{"a":1,"k":[{"i":{"x":0.522,"y":0.522},"o":{"x":0.167,"y":0.167},"t":0,"s":[284,146.5,0],"to":[0,0,0],"ti":[0,0,0]},{"i":{"x":0.598,"y":1},"o":{"x":0.151,"y":0},"t":16,"s":[284,146.5,0],"to":[49.667,0,0],"ti":[-49.667,0,0]},{"i":{"x":0.598,"y":0.598},"o":{"x":0.167,"y":0.167},"t":37,"s":[582,146.5,0],"to":[0,0,0],"ti":[0,0,0]},{"i":{"x":0.522,"y":1},"o":{"x":0.167,"y":0},"t":126,"s":[582,146.5,0],"to":[-49.667,0,0],"ti":[49.667,0,0]},{"t":144,"s":[284,146.5,0]}],"ix":2,"l":2},"a":{"a":0,"k":[381.918,97.505,0],"ix":1,"l":2},"s":{"a":0,"k":[52,52,100],"ix":6,"l":2}},"ao":0,"hasMask":true,"masksProperties":[{"inv":false,"mode":"a","pt":{"a":0,"k":{"i":[[0,0],[0,0],[0,0],[0,0],[0,0],[-4.984,0],[0,0],[0,0],[0,0],[0,0],[0,0],[0,4.99]],"o":[[0,0],[0,0],[0,0],[0,0],[0,0],[4.984,0],[0,0],[0,0],[0,0],[0,0],[0,0],[0,-4.99]],"v":[[445.05,-17.265],[362.066,-10.943],[303.002,6.853],[300.51,70.06],[300.51,111.643],[307.156,141.584],[393.548,154.89],[414.315,121.623],[355.8,78.058],[374.465,44.361],[445.05,52.595],[473.294,11.011]],"c":true},"ix":1},"o":{"a":0,"k":100,"ix":3},"x":{"a":0,"k":0,"ix":4},"nm":"Mask 1"}],"w":817,"h":200,"ip":0,"op":300,"st":0,"bm":0},{"ddd":0,"ind":3,"ty":0,"nm":"logo 2","refId":"comp_3","sr":1,"ks":{"o":{"a":0,"k":100,"ix":11},"r":{"a":0,"k":0,"ix":10},"p":{"a":1,"k":[{"i":{"x":0.592,"y":1},"o":{"x":0.145,"y":0},"t":16,"s":[300,148,0],"to":[49.167,0,0],"ti":[-49.167,0,0]},{"i":{"x":0.592,"y":0.592},"o":{"x":0.167,"y":0.167},"t":37,"s":[595,148,0],"to":[0,0,0],"ti":[0,0,0]},{"i":{"x":0.833,"y":1},"o":{"x":0.167,"y":0},"t":126,"s":[595,148,0],"to":[-49.167,0,0],"ti":[49.167,0,0]},{"t":144,"s":[300,148,0]}],"ix":2,"l":2},"a":{"a":0,"k":[408.5,100,0],"ix":1,"l":2},"s":{"a":0,"k":[52,52,100],"ix":6,"l":2}},"ao":0,"hasMask":true,"masksProperties":[{"inv":false,"mode":"a","pt":{"a":0,"k":{"i":[[0,0],[0,0],[0,0],[0,0],[0,0],[0,0],[0,0]],"o":[[0,0],[0,0],[0,0],[0,0],[0,0],[0,0],[0,0]],"v":[[750.744,20.16],[496.553,21.823],[463.326,51.763],[466.648,106.653],[469.971,198.137],[813.877,184.83],[833.813,53.426]],"c":true},"ix":1},"o":{"a":0,"k":100,"ix":3},"x":{"a":0,"k":0,"ix":4},"nm":"Mask 1"}],"w":817,"h":200,"ip":0,"op":300,"st":0,"bm":0},{"ddd":0,"ind":4,"ty":0,"nm":"logo","refId":"comp_4","sr":1,"ks":{"o":{"a":0,"k":100,"ix":11},"r":{"a":0,"k":0,"ix":10},"p":{"a":0,"k":[300,148,0],"ix":2,"l":2},"a":{"a":0,"k":[408.5,100,0],"ix":1,"l":2},"s":{"a":0,"k":[52,52,100],"ix":6,"l":2}},"ao":0,"hasMask":true,"masksProperties":[{"inv":false,"mode":"a","pt":{"a":0,"k":{"i":[[0,0],[0,0],[0,0],[0,0],[0,0]],"o":[[0,0],[0,0],[0,0],[0,0],[0,0]],"v":[[13.092,28.476],[11.43,184.83],[255.653,191.484],[293.865,121.623],[298.849,36.793]],"c":true},"ix":1},"o":{"a":0,"k":100,"ix":3},"x":{"a":0,"k":0,"ix":4},"nm":"Mask 1"}],"w":817,"h":200,"ip":0,"op":300,"st":0,"bm":0}]},{"id":"comp_1","layers":[{"ddd":0,"ind":1,"ty":4,"nm":"logo Outlines","sr":1,"ks":{"o":{"a":0,"k":100,"ix":11},"r":{"a":0,"k":0,"ix":10},"p":{"a":0,"k":[408.06,100,0],"ix":2,"l":2},"a":{"a":0,"k":[408.06,100,0],"ix":1,"l":2},"s":{"a":0,"k":[100,100,100],"ix":6,"l":2}},"ao":0,"shapes":[{"ty":"gr","it":[{"ind":0,"ty":"sh","ix":1,"ks":{"a":0,"k":{"i":[[0.001,4.374],[0.123,4.17],[-2.069,0.199],[-5.252,-1.981],[-0.225,-6.093],[6.112,-2.825],[3.686,-0.535],[2.483,-0.071],[-0.034,1.813]],"o":[[-0.002,-4.174],[-0.057,-1.901],[5.472,-0.525],[5.704,2.151],[0.226,6.112],[-3.308,1.529],[-2.433,0.353],[-1.773,0.05],[0.084,-4.372]],"v":[[-13.805,0.291],[-13.846,-12.231],[-11.379,-15.418],[4.794,-14.16],[13.676,-1.328],[6.958,13.347],[-3.939,15.788],[-11.383,15.865],[-13.831,13.411]],"c":true},"ix":2},"nm":"Path 1","mn":"ADBE Vector Shape - Group","hd":false},{"ty":"fl","c":{"a":0,"k":[1,1,1,1],"ix":4},"o":{"a":0,"k":100,"ix":5},"r":1,"bm":0,"nm":"Fill 1","mn":"ADBE Vector Graphic - Fill","hd":false},{"ty":"tr","p":{"a":0,"k":[70.235,93.659],"ix":2},"a":{"a":0,"k":[0,0],"ix":1},"s":{"a":0,"k":[100,100],"ix":3},"r":{"a":0,"k":0,"ix":6},"o":{"a":0,"k":100,"ix":7},"sk":{"a":0,"k":0,"ix":4},"sa":{"a":0,"k":0,"ix":5},"nm":"Transform"}],"nm":"Group 1","np":2,"cix":2,"bm":0,"ix":1,"mn":"ADBE Vector Group","hd":false},{"ty":"gr","it":[{"ind":0,"ty":"sh","ix":1,"ks":{"a":0,"k":{"i":[[0,0],[-0.096,-17.007],[2.368,-0.11],[5.898,0.391],[0.032,8.31],[0,12.433],[0.116,20.687],[-3.483,-0.008],[-6.233,-0.635],[-0.031,-7.021],[0,-16.808]],"o":[[0,17.007],[0.013,2.336],[-5.94,0.273],[-8.169,-0.54],[-0.049,-12.433],[0,-20.687],[-0.016,-2.964],[6.313,0.014],[6.839,0.697],[0.075,16.808],[0,0]],"v":[[16.485,3.727],[16.537,54.748],[13.526,58.463],[-4.288,59.114],[-16.459,45.412],[-16.473,8.115],[-16.534,-53.946],[-12.666,-58.633],[6.258,-58.87],[16.391,-46.697],[16.416,3.727]],"c":true},"ix":2},"nm":"Path 1","mn":"ADBE Vector Shape - Group","hd":false},{"ty":"fl","c":{"a":0,"k":[0.224000010771,0.709999952129,0.313999998803,1],"ix":4},"o":{"a":0,"k":100,"ix":5},"r":1,"bm":0,"nm":"Fill 1","mn":"ADBE Vector Graphic - Fill","hd":false},{"ty":"tr","p":{"a":0,"k":[152.278,112.972],"ix":2},"a":{"a":0,"k":[0,0],"ix":1},"s":{"a":0,"k":[100,100],"ix":3},"r":{"a":0,"k":0,"ix":6},"o":{"a":0,"k":100,"ix":7},"sk":{"a":0,"k":0,"ix":4},"sa":{"a":0,"k":0,"ix":5},"nm":"Transform"}],"nm":"Group 2","np":2,"cix":2,"bm":0,"ix":2,"mn":"ADBE Vector Group","hd":false},{"ty":"gr","it":[{"ind":0,"ty":"sh","ix":1,"ks":{"a":0,"k":{"i":[[0,4.475],[6.122,8.961],[7.977,17.507],[-4.041,3.706],[-6.203,-11.83],[-4.635,-9.125],[-1.405,-2.628],[-0.579,-0.632],[-0.339,0.81],[-4.018,9.84],[-1.509,3.004],[-1.442,0.588],[-6.451,-1.748],[2.458,-7.124],[3.862,-6.883],[7.103,-12.076],[0.022,-1.771],[-0.124,-11.036],[2.731,-0.048],[6.447,0.622],[0.173,6.67]],"o":[[2.593,-11.385],[-10.82,-15.84],[-2.274,-4.992],[7.739,-7.096],[4.753,9.063],[1.35,2.657],[0.391,0.732],[0.627,-0.688],[4.096,-9.808],[1.277,-3.125],[0.711,-1.418],[6.104,-2.49],[7.311,1.981],[-2.568,7.446],[-6.853,12.214],[-0.9,1.531],[-0.134,11.036],[0.028,2.511],[-6.516,0.113],[-6.517,-0.628],[-0.116,-4.472]],"v":[[-14.006,34.747],[-22.776,5.61],[-51.378,-44.235],[-49.371,-52.938],[-17.964,-48.021],[-4.017,-20.667],[0.009,-12.684],[1.718,-10.773],[3.562,-12.855],[15.705,-42.338],[19.492,-51.724],[23.056,-55.19],[42.003,-56.784],[51.194,-40.921],[41.303,-19.357],[19.854,16.786],[18.361,22.049],[18.347,55.161],[15.091,59.276],[-4.443,59.412],[-13.984,48.17]],"c":true},"ix":2},"nm":"Path 1","mn":"ADBE Vector Shape - Group","hd":false},{"ty":"fl","c":{"a":0,"k":[0.224000010771,0.709999952129,0.313999998803,1],"ix":4},"o":{"a":0,"k":100,"ix":5},"r":1,"bm":0,"nm":"Fill 1","mn":"ADBE Vector Graphic - Fill","hd":false},{"ty":"tr","p":{"a":0,"k":[237.537,112.124],"ix":2},"a":{"a":0,"k":[0,0],"ix":1},"s":{"a":0,"k":[100,100],"ix":3},"r":{"a":0,"k":0,"ix":6},"o":{"a":0,"k":100,"ix":7},"sk":{"a":0,"k":0,"ix":4},"sa":{"a":0,"k":0,"ix":5},"nm":"Transform"}],"nm":"Group 3","np":2,"cix":2,"bm":0,"ix":3,"mn":"ADBE Vector Group","hd":false},{"ty":"gr","it":[{"ind":0,"ty":"sh","ix":1,"ks":{"a":0,"k":{"i":[[0,0],[-0.196,-6.736],[-0.989,-0.008],[-11.74,-0.003],[-1.009,-4.769],[0.39,-4.359],[5.533,-0.021],[10.444,0.138],[-0.039,-2.82],[0,-11.342],[0,0],[8.345,2.136],[0.592,4.963],[0.002,2.185],[-0.03,26.763],[-0.414,2.23],[-7.447,0.231],[-11.338,0.045],[-10.146,0.096],[-0.833,-2.088],[0.642,-4.972],[6.785,-0.028],[12.237,0]],"o":[[0,7.045],[0.016,0.542],[11.739,0.105],[4.814,0.001],[0.908,4.287],[-0.465,5.217],[-10.447,0.041],[-2.677,-0.036],[0.159,11.339],[0,0],[-8.46,1.638],[-5.026,-1.288],[-0.259,-2.167],[-0.022,-26.762],[0.002,-2.281],[1.346,-7.248],[11.33,-0.351],[10.147,-0.04],[2.221,-0.022],[1.903,4.767],[-0.792,6.141],[-12.237,0.053],[0,0]],"v":[[-9.704,-32.533],[-9.576,-12.007],[-6.75,-10.528],[28.469,-10.456],[34.826,-5.71],[35.675,7.508],[25.347,15.856],[-5.99,15.813],[-9.539,19.273],[-9.474,53.298],[-9.474,56.844],[-34.604,57.339],[-42.615,47.311],[-42.951,40.761],[-42.945,-39.526],[-42.495,-46.36],[-28,-59.094],[6.011,-59.404],[36.455,-59.453],[40.68,-56.651],[42.333,-41.994],[30.589,-32.549],[-6.123,-32.533]],"c":true},"ix":2},"nm":"Path 1","mn":"ADBE Vector Shape - Group","hd":false},{"ty":"fl","c":{"a":0,"k":[0.030999998953,0.33300000359,0.626999978458,1],"ix":4},"o":{"a":0,"k":100,"ix":5},"r":1,"bm":0,"nm":"Fill 1","mn":"ADBE Vector Graphic - Fill","hd":false},{"ty":"tr","p":{"a":0,"k":[759.2,114.156],"ix":2},"a":{"a":0,"k":[0,0],"ix":1},"s":{"a":0,"k":[100,100],"ix":3},"r":{"a":0,"k":0,"ix":6},"o":{"a":0,"k":100,"ix":7},"sk":{"a":0,"k":0,"ix":4},"sa":{"a":0,"k":0,"ix":5},"nm":"Transform"}],"nm":"Group 4","np":2,"cix":2,"bm":0,"ix":4,"mn":"ADBE Vector Group","hd":false},{"ty":"gr","it":[{"ind":0,"ty":"sh","ix":1,"ks":{"a":0,"k":{"i":[[-0.003,-4.174],[0.083,-4.372],[-1.772,0.05],[-2.434,0.353],[-3.309,1.529],[0.226,6.112],[5.704,2.151],[5.472,-0.525],[-0.056,-1.901]],"o":[[0,4.374],[-0.035,1.813],[2.483,-0.071],[3.686,-0.535],[6.111,-2.825],[-0.226,-6.093],[-5.252,-1.981],[-2.069,0.199],[0.124,4.17]],"v":[[-14.525,-17.734],[-14.553,-4.614],[-12.105,-2.16],[-4.66,-2.237],[6.236,-4.678],[12.956,-19.353],[4.073,-32.185],[-12.1,-33.443],[-14.568,-30.256]],"c":true},"ix":2},"nm":"Path 1","mn":"ADBE Vector Shape - Group","hd":false},{"ind":1,"ty":"sh","ix":2,"ks":{"a":0,"k":{"i":[[0,0],[-0.016,15.223],[-5.652,2.046],[-7.851,0.703],[-10.117,-2.364],[-6.454,-8.78],[0.899,-10.277],[6.504,-6.719],[10.748,-0.928],[6.552,-0.041],[-0.022,-2.21],[-0.107,-9.849],[2.464,-0.054],[6.549,0.618],[0.036,6.742],[0,15.72]],"o":[[0,-15.223],[0.007,-5.968],[7.435,-2.691],[10.397,-0.93],[10.342,2.416],[6.184,8.413],[-0.808,9.232],[-7.737,7.994],[-6.52,0.562],[-2.223,0.015],[0.096,9.848],[0.025,2.284],[-6.619,0.145],[-6.655,-0.627],[-0.084,-15.72],[0,0]],"v":[[-47.479,0.855],[-47.475,-44.813],[-40.148,-55.292],[-17.113,-59.607],[13.643,-57.626],[39.497,-41.71],[46.592,-13.526],[36.353,10.663],[7.975,22.902],[-11.674,23.495],[-14.563,26.397],[-14.478,55.947],[-17.462,59.68],[-37.305,59.918],[-47.382,48.014],[-47.41,0.855]],"c":true},"ix":2},"nm":"Path 2","mn":"ADBE Vector Shape - Group","hd":false},{"ty":"mm","mm":1,"nm":"Merge Paths 1","mn":"ADBE Vector Filter - Merge","hd":false},{"ty":"fl","c":{"a":0,"k":[0.224000010771,0.709999952129,0.313999998803,1],"ix":4},"o":{"a":0,"k":100,"ix":5},"r":1,"bm":0,"nm":"Fill 1","mn":"ADBE Vector Graphic - Fill","hd":false},{"ty":"tr","p":{"a":0,"k":[70.956,111.684],"ix":2},"a":{"a":0,"k":[0,0],"ix":1},"s":{"a":0,"k":[100,100],"ix":3},"r":{"a":0,"k":0,"ix":6},"o":{"a":0,"k":100,"ix":7},"sk":{"a":0,"k":0,"ix":4},"sa":{"a":0,"k":0,"ix":5},"nm":"Transform"}],"nm":"Group 5","np":4,"cix":2,"bm":0,"ix":5,"mn":"ADBE Vector Group","hd":false},{"ty":"gr","it":[{"ind":0,"ty":"sh","ix":1,"ks":{"a":0,"k":{"i":[[0,0],[0,0],[0,0],[-14.423,0.104],[-0.767,-2.095],[1.102,-5.137],[5.679,-0.035],[19.493,0.28],[0.004,10.219],[-0.013,27.655],[-9.881,0.817],[-1.091,0.001],[-19.796,0.109],[-0.863,-2.382],[0.865,-4.968],[6.356,-0.017],[12.136,0],[0,0],[0,0],[0,0],[-12.533,0.105],[-0.777,-1.818],[1.029,-5.364],[5.4,-0.027],[10.743,-0.001]],"o":[[0,0],[0,0],[14.424,0],[2.236,-0.016],[1.776,4.85],[-1.21,5.635],[-19.497,0.121],[-10.216,-0.146],[-0.013,-27.654],[0.004,-9.926],[1.088,-0.091],[19.797,-0.012],[2.651,-0.015],[1.743,4.809],[-0.934,5.36],[-12.136,0.033],[0,0],[0,0],[0,0],[12.534,0],[2.013,-0.016],[2.191,5.124],[-0.942,4.911],[-10.743,0.054],[0,0]],"v":[[-10.516,11.636],[-10.516,32.227],[-6.975,32.227],[36.297,32.174],[40.518,34.917],[42.083,49.801],[31.784,58.701],[-26.707,58.663],[-43.172,41.342],[-43.172,-41.622],[-27.457,-58.665],[-24.186,-58.86],[35.203,-58.928],[40.009,-55.599],[41.248,-40.915],[29.838,-32.598],[-6.571,-32.589],[-10.38,-32.589],[-10.38,-14.34],[-7.18,-14.34],[30.422,-14.393],[34.222,-11.965],[35.776,3.821],[25.558,11.617],[-6.672,11.636]],"c":true},"ix":2},"nm":"Path 1","mn":"ADBE Vector Shape - Group","hd":false},{"ty":"fl","c":{"a":0,"k":[0.030999998953,0.33300000359,0.626999978458,1],"ix":4},"o":{"a":0,"k":100,"ix":5},"r":1,"bm":0,"nm":"Fill 1","mn":"ADBE Vector Graphic - Fill","hd":false},{"ty":"tr","p":{"a":0,"k":[653.45,113.614],"ix":2},"a":{"a":0,"k":[0,0],"ix":1},"s":{"a":0,"k":[100,100],"ix":3},"r":{"a":0,"k":0,"ix":6},"o":{"a":0,"k":100,"ix":7},"sk":{"a":0,"k":0,"ix":4},"sa":{"a":0,"k":0,"ix":5},"nm":"Transform"}],"nm":"Group 6","np":2,"cix":2,"bm":0,"ix":6,"mn":"ADBE Vector Group","hd":false},{"ty":"gr","it":[{"ind":0,"ty":"sh","ix":1,"ks":{"a":0,"k":{"i":[[2.012,2.23],[-3.791,3.904],[-3.567,0.159],[-7.943,0.095],[-8.643,0.279],[-8.456,3.829],[1.774,15.611],[15.717,5.016],[3.404,0.645],[2.899,3.026],[3.934,4.244],[-13.966,-1.877],[-11.539,-10.853],[-1.883,-16.985],[10.557,-14.495],[19.651,-2.258],[7.91,-0.232],[11.41,-0.156],[6.718,9.84]],"o":[[3.841,-4.132],[2.683,-2.763],[7.934,-0.355],[8.651,-0.102],[9.174,-0.295],[14.918,-6.754],[-2.015,-17.732],[-3.301,-1.053],[-4.156,-0.788],[-3.843,-4.01],[9.555,-8.058],[15.757,2.118],[12.42,11.68],[1.977,17.851],[-11.661,16.013],[-7.832,0.901],[-11.408,0.335],[-10.413,0.143],[-1.49,-2.183]],"v":[[-76.297,53.906],[-65.023,41.823],[-55.1,38.44],[-31.278,37.802],[-5.322,37.719],[21.288,32.003],[40.404,-3.117],[11.483,-34.878],[1.386,-37.403],[-9.251,-42.986],[-20.755,-55.363],[11.85,-68.837],[52.986,-50.511],[74.32,-7.398],[61.755,41.309],[14.494,68.812],[-9.225,69.575],[-43.448,70.571],[-70.756,60.128]],"c":true},"ix":2},"nm":"Path 1","mn":"ADBE Vector Shape - Group","hd":false},{"ty":"fl","c":{"a":0,"k":[0.224000010771,0.709999952129,0.313999998803,1],"ix":4},"o":{"a":0,"k":100,"ix":5},"r":1,"bm":0,"nm":"Fill 1","mn":"ADBE Vector Graphic - Fill","hd":false},{"ty":"tr","p":{"a":0,"k":[385.799,128.462],"ix":2},"a":{"a":0,"k":[0,0],"ix":1},"s":{"a":0,"k":[100,100],"ix":3},"r":{"a":0,"k":0,"ix":6},"o":{"a":0,"k":100,"ix":7},"sk":{"a":0,"k":0,"ix":4},"sa":{"a":0,"k":0,"ix":5},"nm":"Transform"}],"nm":"Group 7","np":2,"cix":2,"bm":0,"ix":7,"mn":"ADBE Vector Group","hd":false},{"ty":"gr","it":[{"ind":0,"ty":"sh","ix":1,"ks":{"a":0,"k":{"i":[[-1.771,0.082],[0,0],[0.101,11.738],[-2.922,0.003],[-6.867,-0.506],[-0.661,-5.365],[-0.001,-1.885],[0.003,-32.533],[4.177,-0.285],[5.34,0.138],[0.122,8.709],[-0.118,9.649],[2.772,-0.039],[11.57,0],[0.002,-1.335],[0.035,-12.436],[2.335,-0.107],[6.832,0.632],[0.378,7.492],[0,0.995],[0.109,32.732],[-2.817,0.027],[-6.764,-0.533],[-0.188,-5.704],[-0.086,-10.541],[-4.265,-0.002],[-9.651,0.015]],"o":[[0,0],[0,-11.74],[-0.02,-2.442],[6.915,-0.008],[5.367,0.395],[0.23,1.87],[0.02,32.534],[0,4.238],[-5.337,0.364],[-8.647,-0.221],[-0.135,-9.648],[0.03,-2.489],[-11.23,0.157],[-0.118,1.533],[-0.023,12.437],[-0.004,1.371],[-6.913,0.317],[-7.389,-0.683],[-0.051,-0.993],[-0.002,-32.731],[-0.009,-2.75],[6.817,-0.064],[5.616,0.443],[0.346,10.533],[0.035,4.15],[9.65,0.004],[1.276,-0.002]],"v":[[18.814,-13.113],[18.814,-19.688],[18.769,-54.907],[22.003,-58.831],[42.734,-59.026],[51.948,-49.192],[52.29,-43.541],[52.303,54.06],[48.127,58.734],[32.085,59.331],[18.864,45.751],[18.865,16.801],[15.615,13.348],[-18.418,13.413],[-18.726,17.616],[-18.761,54.925],[-20.547,58.307],[-41.275,58.941],[-52.183,46.366],[-52.229,43.382],[-52.301,-54.814],[-48.842,-58.857],[-28.405,-59.04],[-19.102,-48.696],[-18.744,-17.074],[-14.462,-12.915],[14.49,-12.922]],"c":true},"ix":2},"nm":"Path 1","mn":"ADBE Vector Shape - Group","hd":false},{"ty":"fl","c":{"a":0,"k":[0.030999998953,0.33300000359,0.626999978458,1],"ix":4},"o":{"a":0,"k":100,"ix":5},"r":1,"bm":0,"nm":"Fill 1","mn":"ADBE Vector Graphic - Fill","hd":false},{"ty":"tr","p":{"a":0,"k":[532.355,113.03],"ix":2},"a":{"a":0,"k":[0,0],"ix":1},"s":{"a":0,"k":[100,100],"ix":3},"r":{"a":0,"k":0,"ix":6},"o":{"a":0,"k":100,"ix":7},"sk":{"a":0,"k":0,"ix":4},"sa":{"a":0,"k":0,"ix":5},"nm":"Transform"}],"nm":"Group 8","np":2,"cix":2,"bm":0,"ix":8,"mn":"ADBE Vector Group","hd":false},{"ty":"gr","it":[{"ind":0,"ty":"sh","ix":1,"ks":{"a":0,"k":{"i":[[0,0],[-1.169,-0.087],[-3.35,-3.61],[-3.337,-3.589],[3.636,-3.912],[3.799,-0.087],[13.018,-0.05],[11.95,-5.55],[-1.877,-15.351],[-14.821,-4.887],[-3.796,-0.664],[-2.897,-3.001],[-4.23,-4.568],[5.649,-2.957],[4.024,0.115],[12.877,22.788],[-48.565,11.227],[-11.04,-0.072],[-8.903,0.298]],"o":[[1.157,0.24],[4.859,0.361],[3.168,3.415],[-3.706,4.023],[-2.785,2.997],[-13.015,0.294],[-12.868,0.049],[-16.523,7.674],[2.021,16.534],[3.667,1.21],[4.209,0.737],[3.994,4.137],[-5.464,3.815],[-3.503,1.833],[-26.051,-0.742],[-22.056,-39.027],[10.832,-2.505],[8.901,0.057],[0,0]],"v":[[56.805,-70.057],[60.279,-69.358],[72.678,-63.644],[82.358,-53.232],[71.411,-41.357],[61.09,-37.454],[22.038,-36.923],[-15.583,-30.926],[-34.391,4.867],[-6.811,35.06],[4.402,38.013],[15.041,43.544],[27.11,56.532],[11.004,67.513],[-1.042,69.942],[-60.302,35.112],[-15.392,-67.36],[17.558,-69.233],[44.267,-70.057]],"c":true},"ix":2},"nm":"Path 1","mn":"ADBE Vector Shape - Group","hd":false},{"ty":"fl","c":{"a":0,"k":[0.030999998953,0.33300000359,0.626999978458,1],"ix":4},"o":{"a":0,"k":100,"ix":5},"r":1,"bm":0,"nm":"Fill 1","mn":"ADBE Vector Graphic - Fill","hd":false},{"ty":"tr","p":{"a":0,"k":[378.419,70.057],"ix":2},"a":{"a":0,"k":[0,0],"ix":1},"s":{"a":0,"k":[100,100],"ix":3},"r":{"a":0,"k":0,"ix":6},"o":{"a":0,"k":100,"ix":7},"sk":{"a":0,"k":0,"ix":4},"sa":{"a":0,"k":0,"ix":5},"nm":"Transform"}],"nm":"Group 9","np":2,"cix":2,"bm":0,"ix":9,"mn":"ADBE Vector Group","hd":false}],"ip":0,"op":300,"st":0,"bm":0}]},{"id":"comp_2","layers":[{"ddd":0,"ind":1,"ty":4,"nm":"logo Outlines","sr":1,"ks":{"o":{"a":0,"k":100,"ix":11},"r":{"a":0,"k":0,"ix":10},"p":{"a":0,"k":[408.06,100,0],"ix":2,"l":2},"a":{"a":0,"k":[408.06,100,0],"ix":1,"l":2},"s":{"a":0,"k":[100,100,100],"ix":6,"l":2}},"ao":0,"shapes":[{"ty":"gr","it":[{"ind":0,"ty":"sh","ix":1,"ks":{"a":0,"k":{"i":[[0.001,4.374],[0.123,4.17],[-2.069,0.199],[-5.252,-1.981],[-0.225,-6.093],[6.112,-2.825],[3.686,-0.535],[2.483,-0.071],[-0.034,1.813]],"o":[[-0.002,-4.174],[-0.057,-1.901],[5.472,-0.525],[5.704,2.151],[0.226,6.112],[-3.308,1.529],[-2.433,0.353],[-1.773,0.05],[0.084,-4.372]],"v":[[-13.805,0.291],[-13.846,-12.231],[-11.379,-15.418],[4.794,-14.16],[13.676,-1.328],[6.958,13.347],[-3.939,15.788],[-11.383,15.865],[-13.831,13.411]],"c":true},"ix":2},"nm":"Path 1","mn":"ADBE Vector Shape - Group","hd":false},{"ty":"fl","c":{"a":0,"k":[1,1,1,1],"ix":4},"o":{"a":0,"k":100,"ix":5},"r":1,"bm":0,"nm":"Fill 1","mn":"ADBE Vector Graphic - Fill","hd":false},{"ty":"tr","p":{"a":0,"k":[70.235,93.659],"ix":2},"a":{"a":0,"k":[0,0],"ix":1},"s":{"a":0,"k":[100,100],"ix":3},"r":{"a":0,"k":0,"ix":6},"o":{"a":0,"k":100,"ix":7},"sk":{"a":0,"k":0,"ix":4},"sa":{"a":0,"k":0,"ix":5},"nm":"Transform"}],"nm":"Group 1","np":2,"cix":2,"bm":0,"ix":1,"mn":"ADBE Vector Group","hd":false},{"ty":"gr","it":[{"ind":0,"ty":"sh","ix":1,"ks":{"a":0,"k":{"i":[[0,0],[-0.096,-17.007],[2.368,-0.11],[5.898,0.391],[0.032,8.31],[0,12.433],[0.116,20.687],[-3.483,-0.008],[-6.233,-0.635],[-0.031,-7.021],[0,-16.808]],"o":[[0,17.007],[0.013,2.336],[-5.94,0.273],[-8.169,-0.54],[-0.049,-12.433],[0,-20.687],[-0.016,-2.964],[6.313,0.014],[6.839,0.697],[0.075,16.808],[0,0]],"v":[[16.485,3.727],[16.537,54.748],[13.526,58.463],[-4.288,59.114],[-16.459,45.412],[-16.473,8.115],[-16.534,-53.946],[-12.666,-58.633],[6.258,-58.87],[16.391,-46.697],[16.416,3.727]],"c":true},"ix":2},"nm":"Path 1","mn":"ADBE Vector Shape - Group","hd":false},{"ty":"fl","c":{"a":0,"k":[0.224000010771,0.709999952129,0.313999998803,1],"ix":4},"o":{"a":0,"k":100,"ix":5},"r":1,"bm":0,"nm":"Fill 1","mn":"ADBE Vector Graphic - Fill","hd":false},{"ty":"tr","p":{"a":0,"k":[152.278,112.972],"ix":2},"a":{"a":0,"k":[0,0],"ix":1},"s":{"a":0,"k":[100,100],"ix":3},"r":{"a":0,"k":0,"ix":6},"o":{"a":0,"k":100,"ix":7},"sk":{"a":0,"k":0,"ix":4},"sa":{"a":0,"k":0,"ix":5},"nm":"Transform"}],"nm":"Group 2","np":2,"cix":2,"bm":0,"ix":2,"mn":"ADBE Vector Group","hd":false},{"ty":"gr","it":[{"ind":0,"ty":"sh","ix":1,"ks":{"a":0,"k":{"i":[[0,4.475],[6.122,8.961],[7.977,17.507],[-4.041,3.706],[-6.203,-11.83],[-4.635,-9.125],[-1.405,-2.628],[-0.579,-0.632],[-0.339,0.81],[-4.018,9.84],[-1.509,3.004],[-1.442,0.588],[-6.451,-1.748],[2.458,-7.124],[3.862,-6.883],[7.103,-12.076],[0.022,-1.771],[-0.124,-11.036],[2.731,-0.048],[6.447,0.622],[0.173,6.67]],"o":[[2.593,-11.385],[-10.82,-15.84],[-2.274,-4.992],[7.739,-7.096],[4.753,9.063],[1.35,2.657],[0.391,0.732],[0.627,-0.688],[4.096,-9.808],[1.277,-3.125],[0.711,-1.418],[6.104,-2.49],[7.311,1.981],[-2.568,7.446],[-6.853,12.214],[-0.9,1.531],[-0.134,11.036],[0.028,2.511],[-6.516,0.113],[-6.517,-0.628],[-0.116,-4.472]],"v":[[-14.006,34.747],[-22.776,5.61],[-51.378,-44.235],[-49.371,-52.938],[-17.964,-48.021],[-4.017,-20.667],[0.009,-12.684],[1.718,-10.773],[3.562,-12.855],[15.705,-42.338],[19.492,-51.724],[23.056,-55.19],[42.003,-56.784],[51.194,-40.921],[41.303,-19.357],[19.854,16.786],[18.361,22.049],[18.347,55.161],[15.091,59.276],[-4.443,59.412],[-13.984,48.17]],"c":true},"ix":2},"nm":"Path 1","mn":"ADBE Vector Shape - Group","hd":false},{"ty":"fl","c":{"a":0,"k":[0.224000010771,0.709999952129,0.313999998803,1],"ix":4},"o":{"a":0,"k":100,"ix":5},"r":1,"bm":0,"nm":"Fill 1","mn":"ADBE Vector Graphic - Fill","hd":false},{"ty":"tr","p":{"a":0,"k":[237.537,112.124],"ix":2},"a":{"a":0,"k":[0,0],"ix":1},"s":{"a":0,"k":[100,100],"ix":3},"r":{"a":0,"k":0,"ix":6},"o":{"a":0,"k":100,"ix":7},"sk":{"a":0,"k":0,"ix":4},"sa":{"a":0,"k":0,"ix":5},"nm":"Transform"}],"nm":"Group 3","np":2,"cix":2,"bm":0,"ix":3,"mn":"ADBE Vector Group","hd":false},{"ty":"gr","it":[{"ind":0,"ty":"sh","ix":1,"ks":{"a":0,"k":{"i":[[0,0],[-0.196,-6.736],[-0.989,-0.008],[-11.74,-0.003],[-1.009,-4.769],[0.39,-4.359],[5.533,-0.021],[10.444,0.138],[-0.039,-2.82],[0,-11.342],[0,0],[8.345,2.136],[0.592,4.963],[0.002,2.185],[-0.03,26.763],[-0.414,2.23],[-7.447,0.231],[-11.338,0.045],[-10.146,0.096],[-0.833,-2.088],[0.642,-4.972],[6.785,-0.028],[12.237,0]],"o":[[0,7.045],[0.016,0.542],[11.739,0.105],[4.814,0.001],[0.908,4.287],[-0.465,5.217],[-10.447,0.041],[-2.677,-0.036],[0.159,11.339],[0,0],[-8.46,1.638],[-5.026,-1.288],[-0.259,-2.167],[-0.022,-26.762],[0.002,-2.281],[1.346,-7.248],[11.33,-0.351],[10.147,-0.04],[2.221,-0.022],[1.903,4.767],[-0.792,6.141],[-12.237,0.053],[0,0]],"v":[[-9.704,-32.533],[-9.576,-12.007],[-6.75,-10.528],[28.469,-10.456],[34.826,-5.71],[35.675,7.508],[25.347,15.856],[-5.99,15.813],[-9.539,19.273],[-9.474,53.298],[-9.474,56.844],[-34.604,57.339],[-42.615,47.311],[-42.951,40.761],[-42.945,-39.526],[-42.495,-46.36],[-28,-59.094],[6.011,-59.404],[36.455,-59.453],[40.68,-56.651],[42.333,-41.994],[30.589,-32.549],[-6.123,-32.533]],"c":true},"ix":2},"nm":"Path 1","mn":"ADBE Vector Shape - Group","hd":false},{"ty":"fl","c":{"a":0,"k":[0.030999998953,0.33300000359,0.626999978458,1],"ix":4},"o":{"a":0,"k":100,"ix":5},"r":1,"bm":0,"nm":"Fill 1","mn":"ADBE Vector Graphic - Fill","hd":false},{"ty":"tr","p":{"a":0,"k":[759.2,114.156],"ix":2},"a":{"a":0,"k":[0,0],"ix":1},"s":{"a":0,"k":[100,100],"ix":3},"r":{"a":0,"k":0,"ix":6},"o":{"a":0,"k":100,"ix":7},"sk":{"a":0,"k":0,"ix":4},"sa":{"a":0,"k":0,"ix":5},"nm":"Transform"}],"nm":"Group 4","np":2,"cix":2,"bm":0,"ix":4,"mn":"ADBE Vector Group","hd":false},{"ty":"gr","it":[{"ind":0,"ty":"sh","ix":1,"ks":{"a":0,"k":{"i":[[-0.003,-4.174],[0.083,-4.372],[-1.772,0.05],[-2.434,0.353],[-3.309,1.529],[0.226,6.112],[5.704,2.151],[5.472,-0.525],[-0.056,-1.901]],"o":[[0,4.374],[-0.035,1.813],[2.483,-0.071],[3.686,-0.535],[6.111,-2.825],[-0.226,-6.093],[-5.252,-1.981],[-2.069,0.199],[0.124,4.17]],"v":[[-14.525,-17.734],[-14.553,-4.614],[-12.105,-2.16],[-4.66,-2.237],[6.236,-4.678],[12.956,-19.353],[4.073,-32.185],[-12.1,-33.443],[-14.568,-30.256]],"c":true},"ix":2},"nm":"Path 1","mn":"ADBE Vector Shape - Group","hd":false},{"ind":1,"ty":"sh","ix":2,"ks":{"a":0,"k":{"i":[[0,0],[-0.016,15.223],[-5.652,2.046],[-7.851,0.703],[-10.117,-2.364],[-6.454,-8.78],[0.899,-10.277],[6.504,-6.719],[10.748,-0.928],[6.552,-0.041],[-0.022,-2.21],[-0.107,-9.849],[2.464,-0.054],[6.549,0.618],[0.036,6.742],[0,15.72]],"o":[[0,-15.223],[0.007,-5.968],[7.435,-2.691],[10.397,-0.93],[10.342,2.416],[6.184,8.413],[-0.808,9.232],[-7.737,7.994],[-6.52,0.562],[-2.223,0.015],[0.096,9.848],[0.025,2.284],[-6.619,0.145],[-6.655,-0.627],[-0.084,-15.72],[0,0]],"v":[[-47.479,0.855],[-47.475,-44.813],[-40.148,-55.292],[-17.113,-59.607],[13.643,-57.626],[39.497,-41.71],[46.592,-13.526],[36.353,10.663],[7.975,22.902],[-11.674,23.495],[-14.563,26.397],[-14.478,55.947],[-17.462,59.68],[-37.305,59.918],[-47.382,48.014],[-47.41,0.855]],"c":true},"ix":2},"nm":"Path 2","mn":"ADBE Vector Shape - Group","hd":false},{"ty":"mm","mm":1,"nm":"Merge Paths 1","mn":"ADBE Vector Filter - Merge","hd":false},{"ty":"fl","c":{"a":0,"k":[0.224000010771,0.709999952129,0.313999998803,1],"ix":4},"o":{"a":0,"k":100,"ix":5},"r":1,"bm":0,"nm":"Fill 1","mn":"ADBE Vector Graphic - Fill","hd":false},{"ty":"tr","p":{"a":0,"k":[70.956,111.684],"ix":2},"a":{"a":0,"k":[0,0],"ix":1},"s":{"a":0,"k":[100,100],"ix":3},"r":{"a":0,"k":0,"ix":6},"o":{"a":0,"k":100,"ix":7},"sk":{"a":0,"k":0,"ix":4},"sa":{"a":0,"k":0,"ix":5},"nm":"Transform"}],"nm":"Group 5","np":4,"cix":2,"bm":0,"ix":5,"mn":"ADBE Vector Group","hd":false},{"ty":"gr","it":[{"ind":0,"ty":"sh","ix":1,"ks":{"a":0,"k":{"i":[[0,0],[0,0],[0,0],[-14.423,0.104],[-0.767,-2.095],[1.102,-5.137],[5.679,-0.035],[19.493,0.28],[0.004,10.219],[-0.013,27.655],[-9.881,0.817],[-1.091,0.001],[-19.796,0.109],[-0.863,-2.382],[0.865,-4.968],[6.356,-0.017],[12.136,0],[0,0],[0,0],[0,0],[-12.533,0.105],[-0.777,-1.818],[1.029,-5.364],[5.4,-0.027],[10.743,-0.001]],"o":[[0,0],[0,0],[14.424,0],[2.236,-0.016],[1.776,4.85],[-1.21,5.635],[-19.497,0.121],[-10.216,-0.146],[-0.013,-27.654],[0.004,-9.926],[1.088,-0.091],[19.797,-0.012],[2.651,-0.015],[1.743,4.809],[-0.934,5.36],[-12.136,0.033],[0,0],[0,0],[0,0],[12.534,0],[2.013,-0.016],[2.191,5.124],[-0.942,4.911],[-10.743,0.054],[0,0]],"v":[[-10.516,11.636],[-10.516,32.227],[-6.975,32.227],[36.297,32.174],[40.518,34.917],[42.083,49.801],[31.784,58.701],[-26.707,58.663],[-43.172,41.342],[-43.172,-41.622],[-27.457,-58.665],[-24.186,-58.86],[35.203,-58.928],[40.009,-55.599],[41.248,-40.915],[29.838,-32.598],[-6.571,-32.589],[-10.38,-32.589],[-10.38,-14.34],[-7.18,-14.34],[30.422,-14.393],[34.222,-11.965],[35.776,3.821],[25.558,11.617],[-6.672,11.636]],"c":true},"ix":2},"nm":"Path 1","mn":"ADBE Vector Shape - Group","hd":false},{"ty":"fl","c":{"a":0,"k":[0.030999998953,0.33300000359,0.626999978458,1],"ix":4},"o":{"a":0,"k":100,"ix":5},"r":1,"bm":0,"nm":"Fill 1","mn":"ADBE Vector Graphic - Fill","hd":false},{"ty":"tr","p":{"a":0,"k":[653.45,113.614],"ix":2},"a":{"a":0,"k":[0,0],"ix":1},"s":{"a":0,"k":[100,100],"ix":3},"r":{"a":0,"k":0,"ix":6},"o":{"a":0,"k":100,"ix":7},"sk":{"a":0,"k":0,"ix":4},"sa":{"a":0,"k":0,"ix":5},"nm":"Transform"}],"nm":"Group 6","np":2,"cix":2,"bm":0,"ix":6,"mn":"ADBE Vector Group","hd":false},{"ty":"gr","it":[{"ind":0,"ty":"sh","ix":1,"ks":{"a":0,"k":{"i":[[2.012,2.23],[-3.791,3.904],[-3.567,0.159],[-7.943,0.095],[-8.643,0.279],[-8.456,3.829],[1.774,15.611],[15.717,5.016],[3.404,0.645],[2.899,3.026],[3.934,4.244],[-13.966,-1.877],[-11.539,-10.853],[-1.883,-16.985],[10.557,-14.495],[19.651,-2.258],[7.91,-0.232],[11.41,-0.156],[6.718,9.84]],"o":[[3.841,-4.132],[2.683,-2.763],[7.934,-0.355],[8.651,-0.102],[9.174,-0.295],[14.918,-6.754],[-2.015,-17.732],[-3.301,-1.053],[-4.156,-0.788],[-3.843,-4.01],[9.555,-8.058],[15.757,2.118],[12.42,11.68],[1.977,17.851],[-11.661,16.013],[-7.832,0.901],[-11.408,0.335],[-10.413,0.143],[-1.49,-2.183]],"v":[[-76.297,53.906],[-65.023,41.823],[-55.1,38.44],[-31.278,37.802],[-5.322,37.719],[21.288,32.003],[40.404,-3.117],[11.483,-34.878],[1.386,-37.403],[-9.251,-42.986],[-20.755,-55.363],[11.85,-68.837],[52.986,-50.511],[74.32,-7.398],[61.755,41.309],[14.494,68.812],[-9.225,69.575],[-43.448,70.571],[-70.756,60.128]],"c":true},"ix":2},"nm":"Path 1","mn":"ADBE Vector Shape - Group","hd":false},{"ty":"fl","c":{"a":0,"k":[0.224000010771,0.709999952129,0.313999998803,1],"ix":4},"o":{"a":0,"k":100,"ix":5},"r":1,"bm":0,"nm":"Fill 1","mn":"ADBE Vector Graphic - Fill","hd":false},{"ty":"tr","p":{"a":0,"k":[385.799,128.462],"ix":2},"a":{"a":0,"k":[0,0],"ix":1},"s":{"a":0,"k":[100,100],"ix":3},"r":{"a":0,"k":0,"ix":6},"o":{"a":0,"k":100,"ix":7},"sk":{"a":0,"k":0,"ix":4},"sa":{"a":0,"k":0,"ix":5},"nm":"Transform"}],"nm":"Group 7","np":2,"cix":2,"bm":0,"ix":7,"mn":"ADBE Vector Group","hd":false},{"ty":"gr","it":[{"ind":0,"ty":"sh","ix":1,"ks":{"a":0,"k":{"i":[[-1.771,0.082],[0,0],[0.101,11.738],[-2.922,0.003],[-6.867,-0.506],[-0.661,-5.365],[-0.001,-1.885],[0.003,-32.533],[4.177,-0.285],[5.34,0.138],[0.122,8.709],[-0.118,9.649],[2.772,-0.039],[11.57,0],[0.002,-1.335],[0.035,-12.436],[2.335,-0.107],[6.832,0.632],[0.378,7.492],[0,0.995],[0.109,32.732],[-2.817,0.027],[-6.764,-0.533],[-0.188,-5.704],[-0.086,-10.541],[-4.265,-0.002],[-9.651,0.015]],"o":[[0,0],[0,-11.74],[-0.02,-2.442],[6.915,-0.008],[5.367,0.395],[0.23,1.87],[0.02,32.534],[0,4.238],[-5.337,0.364],[-8.647,-0.221],[-0.135,-9.648],[0.03,-2.489],[-11.23,0.157],[-0.118,1.533],[-0.023,12.437],[-0.004,1.371],[-6.913,0.317],[-7.389,-0.683],[-0.051,-0.993],[-0.002,-32.731],[-0.009,-2.75],[6.817,-0.064],[5.616,0.443],[0.346,10.533],[0.035,4.15],[9.65,0.004],[1.276,-0.002]],"v":[[18.814,-13.113],[18.814,-19.688],[18.769,-54.907],[22.003,-58.831],[42.734,-59.026],[51.948,-49.192],[52.29,-43.541],[52.303,54.06],[48.127,58.734],[32.085,59.331],[18.864,45.751],[18.865,16.801],[15.615,13.348],[-18.418,13.413],[-18.726,17.616],[-18.761,54.925],[-20.547,58.307],[-41.275,58.941],[-52.183,46.366],[-52.229,43.382],[-52.301,-54.814],[-48.842,-58.857],[-28.405,-59.04],[-19.102,-48.696],[-18.744,-17.074],[-14.462,-12.915],[14.49,-12.922]],"c":true},"ix":2},"nm":"Path 1","mn":"ADBE Vector Shape - Group","hd":false},{"ty":"fl","c":{"a":0,"k":[0.030999998953,0.33300000359,0.626999978458,1],"ix":4},"o":{"a":0,"k":100,"ix":5},"r":1,"bm":0,"nm":"Fill 1","mn":"ADBE Vector Graphic - Fill","hd":false},{"ty":"tr","p":{"a":0,"k":[532.355,113.03],"ix":2},"a":{"a":0,"k":[0,0],"ix":1},"s":{"a":0,"k":[100,100],"ix":3},"r":{"a":0,"k":0,"ix":6},"o":{"a":0,"k":100,"ix":7},"sk":{"a":0,"k":0,"ix":4},"sa":{"a":0,"k":0,"ix":5},"nm":"Transform"}],"nm":"Group 8","np":2,"cix":2,"bm":0,"ix":8,"mn":"ADBE Vector Group","hd":false},{"ty":"gr","it":[{"ind":0,"ty":"sh","ix":1,"ks":{"a":0,"k":{"i":[[0,0],[-1.169,-0.087],[-3.35,-3.61],[-3.337,-3.589],[3.636,-3.912],[3.799,-0.087],[13.018,-0.05],[11.95,-5.55],[-1.877,-15.351],[-14.821,-4.887],[-3.796,-0.664],[-2.897,-3.001],[-4.23,-4.568],[5.649,-2.957],[4.024,0.115],[12.877,22.788],[-48.565,11.227],[-11.04,-0.072],[-8.903,0.298]],"o":[[1.157,0.24],[4.859,0.361],[3.168,3.415],[-3.706,4.023],[-2.785,2.997],[-13.015,0.294],[-12.868,0.049],[-16.523,7.674],[2.021,16.534],[3.667,1.21],[4.209,0.737],[3.994,4.137],[-5.464,3.815],[-3.503,1.833],[-26.051,-0.742],[-22.056,-39.027],[10.832,-2.505],[8.901,0.057],[0,0]],"v":[[56.805,-70.057],[60.279,-69.358],[72.678,-63.644],[82.358,-53.232],[71.411,-41.357],[61.09,-37.454],[22.038,-36.923],[-15.583,-30.926],[-34.391,4.867],[-6.811,35.06],[4.402,38.013],[15.041,43.544],[27.11,56.532],[11.004,67.513],[-1.042,69.942],[-60.302,35.112],[-15.392,-67.36],[17.558,-69.233],[44.267,-70.057]],"c":true},"ix":2},"nm":"Path 1","mn":"ADBE Vector Shape - Group","hd":false},{"ty":"fl","c":{"a":0,"k":[0.030999998953,0.33300000359,0.626999978458,1],"ix":4},"o":{"a":0,"k":100,"ix":5},"r":1,"bm":0,"nm":"Fill 1","mn":"ADBE Vector Graphic - Fill","hd":false},{"ty":"tr","p":{"a":0,"k":[378.419,70.057],"ix":2},"a":{"a":0,"k":[0,0],"ix":1},"s":{"a":0,"k":[100,100],"ix":3},"r":{"a":0,"k":0,"ix":6},"o":{"a":0,"k":100,"ix":7},"sk":{"a":0,"k":0,"ix":4},"sa":{"a":0,"k":0,"ix":5},"nm":"Transform"}],"nm":"Group 9","np":2,"cix":2,"bm":0,"ix":9,"mn":"ADBE Vector Group","hd":false}],"ip":0,"op":300,"st":0,"bm":0}]},{"id":"comp_3","layers":[{"ddd":0,"ind":1,"ty":4,"nm":"logo Outlines","sr":1,"ks":{"o":{"a":0,"k":100,"ix":11},"r":{"a":0,"k":0,"ix":10},"p":{"a":0,"k":[408.06,100,0],"ix":2,"l":2},"a":{"a":0,"k":[408.06,100,0],"ix":1,"l":2},"s":{"a":0,"k":[100,100,100],"ix":6,"l":2}},"ao":0,"shapes":[{"ty":"gr","it":[{"ind":0,"ty":"sh","ix":1,"ks":{"a":0,"k":{"i":[[0.001,4.374],[0.123,4.17],[-2.069,0.199],[-5.252,-1.981],[-0.225,-6.093],[6.112,-2.825],[3.686,-0.535],[2.483,-0.071],[-0.034,1.813]],"o":[[-0.002,-4.174],[-0.057,-1.901],[5.472,-0.525],[5.704,2.151],[0.226,6.112],[-3.308,1.529],[-2.433,0.353],[-1.773,0.05],[0.084,-4.372]],"v":[[-13.805,0.291],[-13.846,-12.231],[-11.379,-15.418],[4.794,-14.16],[13.676,-1.328],[6.958,13.347],[-3.939,15.788],[-11.383,15.865],[-13.831,13.411]],"c":true},"ix":2},"nm":"Path 1","mn":"ADBE Vector Shape - Group","hd":false},{"ty":"fl","c":{"a":0,"k":[1,1,1,1],"ix":4},"o":{"a":0,"k":100,"ix":5},"r":1,"bm":0,"nm":"Fill 1","mn":"ADBE Vector Graphic - Fill","hd":false},{"ty":"tr","p":{"a":0,"k":[70.235,93.659],"ix":2},"a":{"a":0,"k":[0,0],"ix":1},"s":{"a":0,"k":[100,100],"ix":3},"r":{"a":0,"k":0,"ix":6},"o":{"a":0,"k":100,"ix":7},"sk":{"a":0,"k":0,"ix":4},"sa":{"a":0,"k":0,"ix":5},"nm":"Transform"}],"nm":"Group 1","np":2,"cix":2,"bm":0,"ix":1,"mn":"ADBE Vector Group","hd":false},{"ty":"gr","it":[{"ind":0,"ty":"sh","ix":1,"ks":{"a":0,"k":{"i":[[0,0],[-0.096,-17.007],[2.368,-0.11],[5.898,0.391],[0.032,8.31],[0,12.433],[0.116,20.687],[-3.483,-0.008],[-6.233,-0.635],[-0.031,-7.021],[0,-16.808]],"o":[[0,17.007],[0.013,2.336],[-5.94,0.273],[-8.169,-0.54],[-0.049,-12.433],[0,-20.687],[-0.016,-2.964],[6.313,0.014],[6.839,0.697],[0.075,16.808],[0,0]],"v":[[16.485,3.727],[16.537,54.748],[13.526,58.463],[-4.288,59.114],[-16.459,45.412],[-16.473,8.115],[-16.534,-53.946],[-12.666,-58.633],[6.258,-58.87],[16.391,-46.697],[16.416,3.727]],"c":true},"ix":2},"nm":"Path 1","mn":"ADBE Vector Shape - Group","hd":false},{"ty":"fl","c":{"a":0,"k":[0.224000010771,0.709999952129,0.313999998803,1],"ix":4},"o":{"a":0,"k":100,"ix":5},"r":1,"bm":0,"nm":"Fill 1","mn":"ADBE Vector Graphic - Fill","hd":false},{"ty":"tr","p":{"a":0,"k":[152.278,112.972],"ix":2},"a":{"a":0,"k":[0,0],"ix":1},"s":{"a":0,"k":[100,100],"ix":3},"r":{"a":0,"k":0,"ix":6},"o":{"a":0,"k":100,"ix":7},"sk":{"a":0,"k":0,"ix":4},"sa":{"a":0,"k":0,"ix":5},"nm":"Transform"}],"nm":"Group 2","np":2,"cix":2,"bm":0,"ix":2,"mn":"ADBE Vector Group","hd":false},{"ty":"gr","it":[{"ind":0,"ty":"sh","ix":1,"ks":{"a":0,"k":{"i":[[0,4.475],[6.122,8.961],[7.977,17.507],[-4.041,3.706],[-6.203,-11.83],[-4.635,-9.125],[-1.405,-2.628],[-0.579,-0.632],[-0.339,0.81],[-4.018,9.84],[-1.509,3.004],[-1.442,0.588],[-6.451,-1.748],[2.458,-7.124],[3.862,-6.883],[7.103,-12.076],[0.022,-1.771],[-0.124,-11.036],[2.731,-0.048],[6.447,0.622],[0.173,6.67]],"o":[[2.593,-11.385],[-10.82,-15.84],[-2.274,-4.992],[7.739,-7.096],[4.753,9.063],[1.35,2.657],[0.391,0.732],[0.627,-0.688],[4.096,-9.808],[1.277,-3.125],[0.711,-1.418],[6.104,-2.49],[7.311,1.981],[-2.568,7.446],[-6.853,12.214],[-0.9,1.531],[-0.134,11.036],[0.028,2.511],[-6.516,0.113],[-6.517,-0.628],[-0.116,-4.472]],"v":[[-14.006,34.747],[-22.776,5.61],[-51.378,-44.235],[-49.371,-52.938],[-17.964,-48.021],[-4.017,-20.667],[0.009,-12.684],[1.718,-10.773],[3.562,-12.855],[15.705,-42.338],[19.492,-51.724],[23.056,-55.19],[42.003,-56.784],[51.194,-40.921],[41.303,-19.357],[19.854,16.786],[18.361,22.049],[18.347,55.161],[15.091,59.276],[-4.443,59.412],[-13.984,48.17]],"c":true},"ix":2},"nm":"Path 1","mn":"ADBE Vector Shape - Group","hd":false},{"ty":"fl","c":{"a":0,"k":[0.224000010771,0.709999952129,0.313999998803,1],"ix":4},"o":{"a":0,"k":100,"ix":5},"r":1,"bm":0,"nm":"Fill 1","mn":"ADBE Vector Graphic - Fill","hd":false},{"ty":"tr","p":{"a":0,"k":[237.537,112.124],"ix":2},"a":{"a":0,"k":[0,0],"ix":1},"s":{"a":0,"k":[100,100],"ix":3},"r":{"a":0,"k":0,"ix":6},"o":{"a":0,"k":100,"ix":7},"sk":{"a":0,"k":0,"ix":4},"sa":{"a":0,"k":0,"ix":5},"nm":"Transform"}],"nm":"Group 3","np":2,"cix":2,"bm":0,"ix":3,"mn":"ADBE Vector Group","hd":false},{"ty":"gr","it":[{"ind":0,"ty":"sh","ix":1,"ks":{"a":0,"k":{"i":[[0,0],[-0.196,-6.736],[-0.989,-0.008],[-11.74,-0.003],[-1.009,-4.769],[0.39,-4.359],[5.533,-0.021],[10.444,0.138],[-0.039,-2.82],[0,-11.342],[0,0],[8.345,2.136],[0.592,4.963],[0.002,2.185],[-0.03,26.763],[-0.414,2.23],[-7.447,0.231],[-11.338,0.045],[-10.146,0.096],[-0.833,-2.088],[0.642,-4.972],[6.785,-0.028],[12.237,0]],"o":[[0,7.045],[0.016,0.542],[11.739,0.105],[4.814,0.001],[0.908,4.287],[-0.465,5.217],[-10.447,0.041],[-2.677,-0.036],[0.159,11.339],[0,0],[-8.46,1.638],[-5.026,-1.288],[-0.259,-2.167],[-0.022,-26.762],[0.002,-2.281],[1.346,-7.248],[11.33,-0.351],[10.147,-0.04],[2.221,-0.022],[1.903,4.767],[-0.792,6.141],[-12.237,0.053],[0,0]],"v":[[-9.704,-32.533],[-9.576,-12.007],[-6.75,-10.528],[28.469,-10.456],[34.826,-5.71],[35.675,7.508],[25.347,15.856],[-5.99,15.813],[-9.539,19.273],[-9.474,53.298],[-9.474,56.844],[-34.604,57.339],[-42.615,47.311],[-42.951,40.761],[-42.945,-39.526],[-42.495,-46.36],[-28,-59.094],[6.011,-59.404],[36.455,-59.453],[40.68,-56.651],[42.333,-41.994],[30.589,-32.549],[-6.123,-32.533]],"c":true},"ix":2},"nm":"Path 1","mn":"ADBE Vector Shape - Group","hd":false},{"ty":"fl","c":{"a":0,"k":[0.030999998953,0.33300000359,0.626999978458,1],"ix":4},"o":{"a":0,"k":100,"ix":5},"r":1,"bm":0,"nm":"Fill 1","mn":"ADBE Vector Graphic - Fill","hd":false},{"ty":"tr","p":{"a":0,"k":[759.2,114.156],"ix":2},"a":{"a":0,"k":[0,0],"ix":1},"s":{"a":0,"k":[100,100],"ix":3},"r":{"a":0,"k":0,"ix":6},"o":{"a":0,"k":100,"ix":7},"sk":{"a":0,"k":0,"ix":4},"sa":{"a":0,"k":0,"ix":5},"nm":"Transform"}],"nm":"Group 4","np":2,"cix":2,"bm":0,"ix":4,"mn":"ADBE Vector Group","hd":false},{"ty":"gr","it":[{"ind":0,"ty":"sh","ix":1,"ks":{"a":0,"k":{"i":[[-0.003,-4.174],[0.083,-4.372],[-1.772,0.05],[-2.434,0.353],[-3.309,1.529],[0.226,6.112],[5.704,2.151],[5.472,-0.525],[-0.056,-1.901]],"o":[[0,4.374],[-0.035,1.813],[2.483,-0.071],[3.686,-0.535],[6.111,-2.825],[-0.226,-6.093],[-5.252,-1.981],[-2.069,0.199],[0.124,4.17]],"v":[[-14.525,-17.734],[-14.553,-4.614],[-12.105,-2.16],[-4.66,-2.237],[6.236,-4.678],[12.956,-19.353],[4.073,-32.185],[-12.1,-33.443],[-14.568,-30.256]],"c":true},"ix":2},"nm":"Path 1","mn":"ADBE Vector Shape - Group","hd":false},{"ind":1,"ty":"sh","ix":2,"ks":{"a":0,"k":{"i":[[0,0],[-0.016,15.223],[-5.652,2.046],[-7.851,0.703],[-10.117,-2.364],[-6.454,-8.78],[0.899,-10.277],[6.504,-6.719],[10.748,-0.928],[6.552,-0.041],[-0.022,-2.21],[-0.107,-9.849],[2.464,-0.054],[6.549,0.618],[0.036,6.742],[0,15.72]],"o":[[0,-15.223],[0.007,-5.968],[7.435,-2.691],[10.397,-0.93],[10.342,2.416],[6.184,8.413],[-0.808,9.232],[-7.737,7.994],[-6.52,0.562],[-2.223,0.015],[0.096,9.848],[0.025,2.284],[-6.619,0.145],[-6.655,-0.627],[-0.084,-15.72],[0,0]],"v":[[-47.479,0.855],[-47.475,-44.813],[-40.148,-55.292],[-17.113,-59.607],[13.643,-57.626],[39.497,-41.71],[46.592,-13.526],[36.353,10.663],[7.975,22.902],[-11.674,23.495],[-14.563,26.397],[-14.478,55.947],[-17.462,59.68],[-37.305,59.918],[-47.382,48.014],[-47.41,0.855]],"c":true},"ix":2},"nm":"Path 2","mn":"ADBE Vector Shape - Group","hd":false},{"ty":"mm","mm":1,"nm":"Merge Paths 1","mn":"ADBE Vector Filter - Merge","hd":false},{"ty":"fl","c":{"a":0,"k":[0.224000010771,0.709999952129,0.313999998803,1],"ix":4},"o":{"a":0,"k":100,"ix":5},"r":1,"bm":0,"nm":"Fill 1","mn":"ADBE Vector Graphic - Fill","hd":false},{"ty":"tr","p":{"a":0,"k":[70.956,111.684],"ix":2},"a":{"a":0,"k":[0,0],"ix":1},"s":{"a":0,"k":[100,100],"ix":3},"r":{"a":0,"k":0,"ix":6},"o":{"a":0,"k":100,"ix":7},"sk":{"a":0,"k":0,"ix":4},"sa":{"a":0,"k":0,"ix":5},"nm":"Transform"}],"nm":"Group 5","np":4,"cix":2,"bm":0,"ix":5,"mn":"ADBE Vector Group","hd":false},{"ty":"gr","it":[{"ind":0,"ty":"sh","ix":1,"ks":{"a":0,"k":{"i":[[0,0],[0,0],[0,0],[-14.423,0.104],[-0.767,-2.095],[1.102,-5.137],[5.679,-0.035],[19.493,0.28],[0.004,10.219],[-0.013,27.655],[-9.881,0.817],[-1.091,0.001],[-19.796,0.109],[-0.863,-2.382],[0.865,-4.968],[6.356,-0.017],[12.136,0],[0,0],[0,0],[0,0],[-12.533,0.105],[-0.777,-1.818],[1.029,-5.364],[5.4,-0.027],[10.743,-0.001]],"o":[[0,0],[0,0],[14.424,0],[2.236,-0.016],[1.776,4.85],[-1.21,5.635],[-19.497,0.121],[-10.216,-0.146],[-0.013,-27.654],[0.004,-9.926],[1.088,-0.091],[19.797,-0.012],[2.651,-0.015],[1.743,4.809],[-0.934,5.36],[-12.136,0.033],[0,0],[0,0],[0,0],[12.534,0],[2.013,-0.016],[2.191,5.124],[-0.942,4.911],[-10.743,0.054],[0,0]],"v":[[-10.516,11.636],[-10.516,32.227],[-6.975,32.227],[36.297,32.174],[40.518,34.917],[42.083,49.801],[31.784,58.701],[-26.707,58.663],[-43.172,41.342],[-43.172,-41.622],[-27.457,-58.665],[-24.186,-58.86],[35.203,-58.928],[40.009,-55.599],[41.248,-40.915],[29.838,-32.598],[-6.571,-32.589],[-10.38,-32.589],[-10.38,-14.34],[-7.18,-14.34],[30.422,-14.393],[34.222,-11.965],[35.776,3.821],[25.558,11.617],[-6.672,11.636]],"c":true},"ix":2},"nm":"Path 1","mn":"ADBE Vector Shape - Group","hd":false},{"ty":"fl","c":{"a":0,"k":[0.030999998953,0.33300000359,0.626999978458,1],"ix":4},"o":{"a":0,"k":100,"ix":5},"r":1,"bm":0,"nm":"Fill 1","mn":"ADBE Vector Graphic - Fill","hd":false},{"ty":"tr","p":{"a":0,"k":[653.45,113.614],"ix":2},"a":{"a":0,"k":[0,0],"ix":1},"s":{"a":0,"k":[100,100],"ix":3},"r":{"a":0,"k":0,"ix":6},"o":{"a":0,"k":100,"ix":7},"sk":{"a":0,"k":0,"ix":4},"sa":{"a":0,"k":0,"ix":5},"nm":"Transform"}],"nm":"Group 6","np":2,"cix":2,"bm":0,"ix":6,"mn":"ADBE Vector Group","hd":false},{"ty":"gr","it":[{"ind":0,"ty":"sh","ix":1,"ks":{"a":0,"k":{"i":[[2.012,2.23],[-3.791,3.904],[-3.567,0.159],[-7.943,0.095],[-8.643,0.279],[-8.456,3.829],[1.774,15.611],[15.717,5.016],[3.404,0.645],[2.899,3.026],[3.934,4.244],[-13.966,-1.877],[-11.539,-10.853],[-1.883,-16.985],[10.557,-14.495],[19.651,-2.258],[7.91,-0.232],[11.41,-0.156],[6.718,9.84]],"o":[[3.841,-4.132],[2.683,-2.763],[7.934,-0.355],[8.651,-0.102],[9.174,-0.295],[14.918,-6.754],[-2.015,-17.732],[-3.301,-1.053],[-4.156,-0.788],[-3.843,-4.01],[9.555,-8.058],[15.757,2.118],[12.42,11.68],[1.977,17.851],[-11.661,16.013],[-7.832,0.901],[-11.408,0.335],[-10.413,0.143],[-1.49,-2.183]],"v":[[-76.297,53.906],[-65.023,41.823],[-55.1,38.44],[-31.278,37.802],[-5.322,37.719],[21.288,32.003],[40.404,-3.117],[11.483,-34.878],[1.386,-37.403],[-9.251,-42.986],[-20.755,-55.363],[11.85,-68.837],[52.986,-50.511],[74.32,-7.398],[61.755,41.309],[14.494,68.812],[-9.225,69.575],[-43.448,70.571],[-70.756,60.128]],"c":true},"ix":2},"nm":"Path 1","mn":"ADBE Vector Shape - Group","hd":false},{"ty":"fl","c":{"a":0,"k":[0.224000010771,0.709999952129,0.313999998803,1],"ix":4},"o":{"a":0,"k":100,"ix":5},"r":1,"bm":0,"nm":"Fill 1","mn":"ADBE Vector Graphic - Fill","hd":false},{"ty":"tr","p":{"a":0,"k":[385.799,128.462],"ix":2},"a":{"a":0,"k":[0,0],"ix":1},"s":{"a":0,"k":[100,100],"ix":3},"r":{"a":0,"k":0,"ix":6},"o":{"a":0,"k":100,"ix":7},"sk":{"a":0,"k":0,"ix":4},"sa":{"a":0,"k":0,"ix":5},"nm":"Transform"}],"nm":"Group 7","np":2,"cix":2,"bm":0,"ix":7,"mn":"ADBE Vector Group","hd":false},{"ty":"gr","it":[{"ind":0,"ty":"sh","ix":1,"ks":{"a":0,"k":{"i":[[-1.771,0.082],[0,0],[0.101,11.738],[-2.922,0.003],[-6.867,-0.506],[-0.661,-5.365],[-0.001,-1.885],[0.003,-32.533],[4.177,-0.285],[5.34,0.138],[0.122,8.709],[-0.118,9.649],[2.772,-0.039],[11.57,0],[0.002,-1.335],[0.035,-12.436],[2.335,-0.107],[6.832,0.632],[0.378,7.492],[0,0.995],[0.109,32.732],[-2.817,0.027],[-6.764,-0.533],[-0.188,-5.704],[-0.086,-10.541],[-4.265,-0.002],[-9.651,0.015]],"o":[[0,0],[0,-11.74],[-0.02,-2.442],[6.915,-0.008],[5.367,0.395],[0.23,1.87],[0.02,32.534],[0,4.238],[-5.337,0.364],[-8.647,-0.221],[-0.135,-9.648],[0.03,-2.489],[-11.23,0.157],[-0.118,1.533],[-0.023,12.437],[-0.004,1.371],[-6.913,0.317],[-7.389,-0.683],[-0.051,-0.993],[-0.002,-32.731],[-0.009,-2.75],[6.817,-0.064],[5.616,0.443],[0.346,10.533],[0.035,4.15],[9.65,0.004],[1.276,-0.002]],"v":[[18.814,-13.113],[18.814,-19.688],[18.769,-54.907],[22.003,-58.831],[42.734,-59.026],[51.948,-49.192],[52.29,-43.541],[52.303,54.06],[48.127,58.734],[32.085,59.331],[18.864,45.751],[18.865,16.801],[15.615,13.348],[-18.418,13.413],[-18.726,17.616],[-18.761,54.925],[-20.547,58.307],[-41.275,58.941],[-52.183,46.366],[-52.229,43.382],[-52.301,-54.814],[-48.842,-58.857],[-28.405,-59.04],[-19.102,-48.696],[-18.744,-17.074],[-14.462,-12.915],[14.49,-12.922]],"c":true},"ix":2},"nm":"Path 1","mn":"ADBE Vector Shape - Group","hd":false},{"ty":"fl","c":{"a":0,"k":[0.030999998953,0.33300000359,0.626999978458,1],"ix":4},"o":{"a":0,"k":100,"ix":5},"r":1,"bm":0,"nm":"Fill 1","mn":"ADBE Vector Graphic - Fill","hd":false},{"ty":"tr","p":{"a":0,"k":[532.355,113.03],"ix":2},"a":{"a":0,"k":[0,0],"ix":1},"s":{"a":0,"k":[100,100],"ix":3},"r":{"a":0,"k":0,"ix":6},"o":{"a":0,"k":100,"ix":7},"sk":{"a":0,"k":0,"ix":4},"sa":{"a":0,"k":0,"ix":5},"nm":"Transform"}],"nm":"Group 8","np":2,"cix":2,"bm":0,"ix":8,"mn":"ADBE Vector Group","hd":false},{"ty":"gr","it":[{"ind":0,"ty":"sh","ix":1,"ks":{"a":0,"k":{"i":[[0,0],[-1.169,-0.087],[-3.35,-3.61],[-3.337,-3.589],[3.636,-3.912],[3.799,-0.087],[13.018,-0.05],[11.95,-5.55],[-1.877,-15.351],[-14.821,-4.887],[-3.796,-0.664],[-2.897,-3.001],[-4.23,-4.568],[5.649,-2.957],[4.024,0.115],[12.877,22.788],[-48.565,11.227],[-11.04,-0.072],[-8.903,0.298]],"o":[[1.157,0.24],[4.859,0.361],[3.168,3.415],[-3.706,4.023],[-2.785,2.997],[-13.015,0.294],[-12.868,0.049],[-16.523,7.674],[2.021,16.534],[3.667,1.21],[4.209,0.737],[3.994,4.137],[-5.464,3.815],[-3.503,1.833],[-26.051,-0.742],[-22.056,-39.027],[10.832,-2.505],[8.901,0.057],[0,0]],"v":[[56.805,-70.057],[60.279,-69.358],[72.678,-63.644],[82.358,-53.232],[71.411,-41.357],[61.09,-37.454],[22.038,-36.923],[-15.583,-30.926],[-34.391,4.867],[-6.811,35.06],[4.402,38.013],[15.041,43.544],[27.11,56.532],[11.004,67.513],[-1.042,69.942],[-60.302,35.112],[-15.392,-67.36],[17.558,-69.233],[44.267,-70.057]],"c":true},"ix":2},"nm":"Path 1","mn":"ADBE Vector Shape - Group","hd":false},{"ty":"fl","c":{"a":0,"k":[0.030999998953,0.33300000359,0.626999978458,1],"ix":4},"o":{"a":0,"k":100,"ix":5},"r":1,"bm":0,"nm":"Fill 1","mn":"ADBE Vector Graphic - Fill","hd":false},{"ty":"tr","p":{"a":0,"k":[378.419,70.057],"ix":2},"a":{"a":0,"k":[0,0],"ix":1},"s":{"a":0,"k":[100,100],"ix":3},"r":{"a":0,"k":0,"ix":6},"o":{"a":0,"k":100,"ix":7},"sk":{"a":0,"k":0,"ix":4},"sa":{"a":0,"k":0,"ix":5},"nm":"Transform"}],"nm":"Group 9","np":2,"cix":2,"bm":0,"ix":9,"mn":"ADBE Vector Group","hd":false}],"ip":0,"op":300,"st":0,"bm":0}]},{"id":"comp_4","layers":[{"ddd":0,"ind":1,"ty":4,"nm":"logo Outlines","sr":1,"ks":{"o":{"a":0,"k":100,"ix":11},"r":{"a":0,"k":0,"ix":10},"p":{"a":0,"k":[408.06,100,0],"ix":2,"l":2},"a":{"a":0,"k":[408.06,100,0],"ix":1,"l":2},"s":{"a":0,"k":[100,100,100],"ix":6,"l":2}},"ao":0,"shapes":[{"ty":"gr","it":[{"ind":0,"ty":"sh","ix":1,"ks":{"a":0,"k":{"i":[[0,0],[-0.096,-17.007],[2.368,-0.11],[5.898,0.391],[0.032,8.31],[0,12.433],[0.116,20.687],[-3.483,-0.008],[-6.233,-0.635],[-0.031,-7.021],[0,-16.808]],"o":[[0,17.007],[0.013,2.336],[-5.94,0.273],[-8.169,-0.54],[-0.049,-12.433],[0,-20.687],[-0.016,-2.964],[6.313,0.014],[6.839,0.697],[0.075,16.808],[0,0]],"v":[[16.485,3.727],[16.537,54.748],[13.526,58.463],[-4.288,59.114],[-16.459,45.412],[-16.473,8.115],[-16.534,-53.946],[-12.666,-58.633],[6.258,-58.87],[16.391,-46.697],[16.416,3.727]],"c":true},"ix":2},"nm":"Path 1","mn":"ADBE Vector Shape - Group","hd":false},{"ty":"fl","c":{"a":0,"k":[0.224000010771,0.709999952129,0.313999998803,1],"ix":4},"o":{"a":0,"k":100,"ix":5},"r":1,"bm":0,"nm":"Fill 1","mn":"ADBE Vector Graphic - Fill","hd":false},{"ty":"tr","p":{"a":0,"k":[152.278,112.972],"ix":2},"a":{"a":0,"k":[0,0],"ix":1},"s":{"a":0,"k":[100,100],"ix":3},"r":{"a":0,"k":0,"ix":6},"o":{"a":0,"k":100,"ix":7},"sk":{"a":0,"k":0,"ix":4},"sa":{"a":0,"k":0,"ix":5},"nm":"Transform"}],"nm":"Group 2","np":2,"cix":2,"bm":0,"ix":1,"mn":"ADBE Vector Group","hd":false},{"ty":"gr","it":[{"ind":0,"ty":"sh","ix":1,"ks":{"a":0,"k":{"i":[[0,4.475],[6.122,8.961],[7.977,17.507],[-4.041,3.706],[-6.203,-11.83],[-4.635,-9.125],[-1.405,-2.628],[-0.579,-0.632],[-0.339,0.81],[-4.018,9.84],[-1.509,3.004],[-1.442,0.588],[-6.451,-1.748],[2.458,-7.124],[3.862,-6.883],[7.103,-12.076],[0.022,-1.771],[-0.124,-11.036],[2.731,-0.048],[6.447,0.622],[0.173,6.67]],"o":[[2.593,-11.385],[-10.82,-15.84],[-2.274,-4.992],[7.739,-7.096],[4.753,9.063],[1.35,2.657],[0.391,0.732],[0.627,-0.688],[4.096,-9.808],[1.277,-3.125],[0.711,-1.418],[6.104,-2.49],[7.311,1.981],[-2.568,7.446],[-6.853,12.214],[-0.9,1.531],[-0.134,11.036],[0.028,2.511],[-6.516,0.113],[-6.517,-0.628],[-0.116,-4.472]],"v":[[-14.006,34.747],[-22.776,5.61],[-51.378,-44.235],[-49.371,-52.938],[-17.964,-48.021],[-4.017,-20.667],[0.009,-12.684],[1.718,-10.773],[3.562,-12.855],[15.705,-42.338],[19.492,-51.724],[23.056,-55.19],[42.003,-56.784],[51.194,-40.921],[41.303,-19.357],[19.854,16.786],[18.361,22.049],[18.347,55.161],[15.091,59.276],[-4.443,59.412],[-13.984,48.17]],"c":true},"ix":2},"nm":"Path 1","mn":"ADBE Vector Shape - Group","hd":false},{"ty":"fl","c":{"a":0,"k":[0.224000010771,0.709999952129,0.313999998803,1],"ix":4},"o":{"a":0,"k":100,"ix":5},"r":1,"bm":0,"nm":"Fill 1","mn":"ADBE Vector Graphic - Fill","hd":false},{"ty":"tr","p":{"a":0,"k":[237.537,112.124],"ix":2},"a":{"a":0,"k":[0,0],"ix":1},"s":{"a":0,"k":[100,100],"ix":3},"r":{"a":0,"k":0,"ix":6},"o":{"a":0,"k":100,"ix":7},"sk":{"a":0,"k":0,"ix":4},"sa":{"a":0,"k":0,"ix":5},"nm":"Transform"}],"nm":"Group 3","np":2,"cix":2,"bm":0,"ix":2,"mn":"ADBE Vector Group","hd":false},{"ty":"gr","it":[{"ind":0,"ty":"sh","ix":1,"ks":{"a":0,"k":{"i":[[0,0],[-0.196,-6.736],[-0.989,-0.008],[-11.74,-0.003],[-1.009,-4.769],[0.39,-4.359],[5.533,-0.021],[10.444,0.138],[-0.039,-2.82],[0,-11.342],[0,0],[8.345,2.136],[0.592,4.963],[0.002,2.185],[-0.03,26.763],[-0.414,2.23],[-7.447,0.231],[-11.338,0.045],[-10.146,0.096],[-0.833,-2.088],[0.642,-4.972],[6.785,-0.028],[12.237,0]],"o":[[0,7.045],[0.016,0.542],[11.739,0.105],[4.814,0.001],[0.908,4.287],[-0.465,5.217],[-10.447,0.041],[-2.677,-0.036],[0.159,11.339],[0,0],[-8.46,1.638],[-5.026,-1.288],[-0.259,-2.167],[-0.022,-26.762],[0.002,-2.281],[1.346,-7.248],[11.33,-0.351],[10.147,-0.04],[2.221,-0.022],[1.903,4.767],[-0.792,6.141],[-12.237,0.053],[0,0]],"v":[[-9.704,-32.533],[-9.576,-12.007],[-6.75,-10.528],[28.469,-10.456],[34.826,-5.71],[35.675,7.508],[25.347,15.856],[-5.99,15.813],[-9.539,19.273],[-9.474,53.298],[-9.474,56.844],[-34.604,57.339],[-42.615,47.311],[-42.951,40.761],[-42.945,-39.526],[-42.495,-46.36],[-28,-59.094],[6.011,-59.404],[36.455,-59.453],[40.68,-56.651],[42.333,-41.994],[30.589,-32.549],[-6.123,-32.533]],"c":true},"ix":2},"nm":"Path 1","mn":"ADBE Vector Shape - Group","hd":false},{"ty":"fl","c":{"a":0,"k":[0.030999998953,0.33300000359,0.626999978458,1],"ix":4},"o":{"a":0,"k":100,"ix":5},"r":1,"bm":0,"nm":"Fill 1","mn":"ADBE Vector Graphic - Fill","hd":false},{"ty":"tr","p":{"a":0,"k":[759.2,114.156],"ix":2},"a":{"a":0,"k":[0,0],"ix":1},"s":{"a":0,"k":[100,100],"ix":3},"r":{"a":0,"k":0,"ix":6},"o":{"a":0,"k":100,"ix":7},"sk":{"a":0,"k":0,"ix":4},"sa":{"a":0,"k":0,"ix":5},"nm":"Transform"}],"nm":"Group 4","np":2,"cix":2,"bm":0,"ix":3,"mn":"ADBE Vector Group","hd":false},{"ty":"gr","it":[{"ind":0,"ty":"sh","ix":1,"ks":{"a":0,"k":{"i":[[-0.003,-4.174],[0.083,-4.372],[-1.772,0.05],[-2.434,0.353],[-3.309,1.529],[0.226,6.112],[5.704,2.151],[5.472,-0.525],[-0.056,-1.901]],"o":[[0,4.374],[-0.035,1.813],[2.483,-0.071],[3.686,-0.535],[6.111,-2.825],[-0.226,-6.093],[-5.252,-1.981],[-2.069,0.199],[0.124,4.17]],"v":[[-14.525,-17.734],[-14.553,-4.614],[-12.105,-2.16],[-4.66,-2.237],[6.236,-4.678],[12.956,-19.353],[4.073,-32.185],[-12.1,-33.443],[-14.568,-30.256]],"c":true},"ix":2},"nm":"Path 1","mn":"ADBE Vector Shape - Group","hd":false},{"ind":1,"ty":"sh","ix":2,"ks":{"a":0,"k":{"i":[[0,0],[-0.016,15.223],[-5.652,2.046],[-7.851,0.703],[-10.117,-2.364],[-6.454,-8.78],[0.899,-10.277],[6.504,-6.719],[10.748,-0.928],[6.552,-0.041],[-0.022,-2.21],[-0.107,-9.849],[2.464,-0.054],[6.549,0.618],[0.036,6.742],[0,15.72]],"o":[[0,-15.223],[0.007,-5.968],[7.435,-2.691],[10.397,-0.93],[10.342,2.416],[6.184,8.413],[-0.808,9.232],[-7.737,7.994],[-6.52,0.562],[-2.223,0.015],[0.096,9.848],[0.025,2.284],[-6.619,0.145],[-6.655,-0.627],[-0.084,-15.72],[0,0]],"v":[[-47.479,0.855],[-47.475,-44.813],[-40.148,-55.292],[-17.113,-59.607],[13.643,-57.626],[39.497,-41.71],[46.592,-13.526],[36.353,10.663],[7.975,22.902],[-11.674,23.495],[-14.563,26.397],[-14.478,55.947],[-17.462,59.68],[-37.305,59.918],[-47.382,48.014],[-47.41,0.855]],"c":true},"ix":2},"nm":"Path 2","mn":"ADBE Vector Shape - Group","hd":false},{"ty":"mm","mm":1,"nm":"Merge Paths 1","mn":"ADBE Vector Filter - Merge","hd":false},{"ty":"fl","c":{"a":0,"k":[0.224000010771,0.709999952129,0.313999998803,1],"ix":4},"o":{"a":0,"k":100,"ix":5},"r":1,"bm":0,"nm":"Fill 1","mn":"ADBE Vector Graphic - Fill","hd":false},{"ty":"tr","p":{"a":0,"k":[70.956,111.684],"ix":2},"a":{"a":0,"k":[0,0],"ix":1},"s":{"a":0,"k":[100,100],"ix":3},"r":{"a":0,"k":0,"ix":6},"o":{"a":0,"k":100,"ix":7},"sk":{"a":0,"k":0,"ix":4},"sa":{"a":0,"k":0,"ix":5},"nm":"Transform"}],"nm":"Group 5","np":4,"cix":2,"bm":0,"ix":4,"mn":"ADBE Vector Group","hd":false},{"ty":"gr","it":[{"ind":0,"ty":"sh","ix":1,"ks":{"a":0,"k":{"i":[[0,0],[0,0],[0,0],[-14.423,0.104],[-0.767,-2.095],[1.102,-5.137],[5.679,-0.035],[19.493,0.28],[0.004,10.219],[-0.013,27.655],[-9.881,0.817],[-1.091,0.001],[-19.796,0.109],[-0.863,-2.382],[0.865,-4.968],[6.356,-0.017],[12.136,0],[0,0],[0,0],[0,0],[-12.533,0.105],[-0.777,-1.818],[1.029,-5.364],[5.4,-0.027],[10.743,-0.001]],"o":[[0,0],[0,0],[14.424,0],[2.236,-0.016],[1.776,4.85],[-1.21,5.635],[-19.497,0.121],[-10.216,-0.146],[-0.013,-27.654],[0.004,-9.926],[1.088,-0.091],[19.797,-0.012],[2.651,-0.015],[1.743,4.809],[-0.934,5.36],[-12.136,0.033],[0,0],[0,0],[0,0],[12.534,0],[2.013,-0.016],[2.191,5.124],[-0.942,4.911],[-10.743,0.054],[0,0]],"v":[[-10.516,11.636],[-10.516,32.227],[-6.975,32.227],[36.297,32.174],[40.518,34.917],[42.083,49.801],[31.784,58.701],[-26.707,58.663],[-43.172,41.342],[-43.172,-41.622],[-27.457,-58.665],[-24.186,-58.86],[35.203,-58.928],[40.009,-55.599],[41.248,-40.915],[29.838,-32.598],[-6.571,-32.589],[-10.38,-32.589],[-10.38,-14.34],[-7.18,-14.34],[30.422,-14.393],[34.222,-11.965],[35.776,3.821],[25.558,11.617],[-6.672,11.636]],"c":true},"ix":2},"nm":"Path 1","mn":"ADBE Vector Shape - Group","hd":false},{"ty":"fl","c":{"a":0,"k":[0.030999998953,0.33300000359,0.626999978458,1],"ix":4},"o":{"a":0,"k":100,"ix":5},"r":1,"bm":0,"nm":"Fill 1","mn":"ADBE Vector Graphic - Fill","hd":false},{"ty":"tr","p":{"a":0,"k":[653.45,113.614],"ix":2},"a":{"a":0,"k":[0,0],"ix":1},"s":{"a":0,"k":[100,100],"ix":3},"r":{"a":0,"k":0,"ix":6},"o":{"a":0,"k":100,"ix":7},"sk":{"a":0,"k":0,"ix":4},"sa":{"a":0,"k":0,"ix":5},"nm":"Transform"}],"nm":"Group 6","np":2,"cix":2,"bm":0,"ix":5,"mn":"ADBE Vector Group","hd":false},{"ty":"gr","it":[{"ind":0,"ty":"sh","ix":1,"ks":{"a":0,"k":{"i":[[2.012,2.23],[-3.791,3.904],[-3.567,0.159],[-7.943,0.095],[-8.643,0.279],[-8.456,3.829],[1.774,15.611],[15.717,5.016],[3.404,0.645],[2.899,3.026],[3.934,4.244],[-13.966,-1.877],[-11.539,-10.853],[-1.883,-16.985],[10.557,-14.495],[19.651,-2.258],[7.91,-0.232],[11.41,-0.156],[6.718,9.84]],"o":[[3.841,-4.132],[2.683,-2.763],[7.934,-0.355],[8.651,-0.102],[9.174,-0.295],[14.918,-6.754],[-2.015,-17.732],[-3.301,-1.053],[-4.156,-0.788],[-3.843,-4.01],[9.555,-8.058],[15.757,2.118],[12.42,11.68],[1.977,17.851],[-11.661,16.013],[-7.832,0.901],[-11.408,0.335],[-10.413,0.143],[-1.49,-2.183]],"v":[[-76.297,53.906],[-65.023,41.823],[-55.1,38.44],[-31.278,37.802],[-5.322,37.719],[21.288,32.003],[40.404,-3.117],[11.483,-34.878],[1.386,-37.403],[-9.251,-42.986],[-20.755,-55.363],[11.85,-68.837],[52.986,-50.511],[74.32,-7.398],[61.755,41.309],[14.494,68.812],[-9.225,69.575],[-43.448,70.571],[-70.756,60.128]],"c":true},"ix":2},"nm":"Path 1","mn":"ADBE Vector Shape - Group","hd":false},{"ty":"fl","c":{"a":0,"k":[0.224000010771,0.709999952129,0.313999998803,1],"ix":4},"o":{"a":0,"k":100,"ix":5},"r":1,"bm":0,"nm":"Fill 1","mn":"ADBE Vector Graphic - Fill","hd":false},{"ty":"tr","p":{"a":0,"k":[385.799,128.462],"ix":2},"a":{"a":0,"k":[0,0],"ix":1},"s":{"a":0,"k":[100,100],"ix":3},"r":{"a":0,"k":0,"ix":6},"o":{"a":0,"k":100,"ix":7},"sk":{"a":0,"k":0,"ix":4},"sa":{"a":0,"k":0,"ix":5},"nm":"Transform"}],"nm":"Group 7","np":2,"cix":2,"bm":0,"ix":6,"mn":"ADBE Vector Group","hd":false},{"ty":"gr","it":[{"ind":0,"ty":"sh","ix":1,"ks":{"a":0,"k":{"i":[[-1.771,0.082],[0,0],[0.101,11.738],[-2.922,0.003],[-6.867,-0.506],[-0.661,-5.365],[-0.001,-1.885],[0.003,-32.533],[4.177,-0.285],[5.34,0.138],[0.122,8.709],[-0.118,9.649],[2.772,-0.039],[11.57,0],[0.002,-1.335],[0.035,-12.436],[2.335,-0.107],[6.832,0.632],[0.378,7.492],[0,0.995],[0.109,32.732],[-2.817,0.027],[-6.764,-0.533],[-0.188,-5.704],[-0.086,-10.541],[-4.265,-0.002],[-9.651,0.015]],"o":[[0,0],[0,-11.74],[-0.02,-2.442],[6.915,-0.008],[5.367,0.395],[0.23,1.87],[0.02,32.534],[0,4.238],[-5.337,0.364],[-8.647,-0.221],[-0.135,-9.648],[0.03,-2.489],[-11.23,0.157],[-0.118,1.533],[-0.023,12.437],[-0.004,1.371],[-6.913,0.317],[-7.389,-0.683],[-0.051,-0.993],[-0.002,-32.731],[-0.009,-2.75],[6.817,-0.064],[5.616,0.443],[0.346,10.533],[0.035,4.15],[9.65,0.004],[1.276,-0.002]],"v":[[18.814,-13.113],[18.814,-19.688],[18.769,-54.907],[22.003,-58.831],[42.734,-59.026],[51.948,-49.192],[52.29,-43.541],[52.303,54.06],[48.127,58.734],[32.085,59.331],[18.864,45.751],[18.865,16.801],[15.615,13.348],[-18.418,13.413],[-18.726,17.616],[-18.761,54.925],[-20.547,58.307],[-41.275,58.941],[-52.183,46.366],[-52.229,43.382],[-52.301,-54.814],[-48.842,-58.857],[-28.405,-59.04],[-19.102,-48.696],[-18.744,-17.074],[-14.462,-12.915],[14.49,-12.922]],"c":true},"ix":2},"nm":"Path 1","mn":"ADBE Vector Shape - Group","hd":false},{"ty":"fl","c":{"a":0,"k":[0.030999998953,0.33300000359,0.626999978458,1],"ix":4},"o":{"a":0,"k":100,"ix":5},"r":1,"bm":0,"nm":"Fill 1","mn":"ADBE Vector Graphic - Fill","hd":false},{"ty":"tr","p":{"a":0,"k":[532.355,113.03],"ix":2},"a":{"a":0,"k":[0,0],"ix":1},"s":{"a":0,"k":[100,100],"ix":3},"r":{"a":0,"k":0,"ix":6},"o":{"a":0,"k":100,"ix":7},"sk":{"a":0,"k":0,"ix":4},"sa":{"a":0,"k":0,"ix":5},"nm":"Transform"}],"nm":"Group 8","np":2,"cix":2,"bm":0,"ix":7,"mn":"ADBE Vector Group","hd":false},{"ty":"gr","it":[{"ind":0,"ty":"sh","ix":1,"ks":{"a":0,"k":{"i":[[0,0],[-1.169,-0.087],[-3.35,-3.61],[-3.337,-3.589],[3.636,-3.912],[3.799,-0.087],[13.018,-0.05],[11.95,-5.55],[-1.877,-15.351],[-14.821,-4.887],[-3.796,-0.664],[-2.897,-3.001],[-4.23,-4.568],[5.649,-2.957],[4.024,0.115],[12.877,22.788],[-48.565,11.227],[-11.04,-0.072],[-8.903,0.298]],"o":[[1.157,0.24],[4.859,0.361],[3.168,3.415],[-3.706,4.023],[-2.785,2.997],[-13.015,0.294],[-12.868,0.049],[-16.523,7.674],[2.021,16.534],[3.667,1.21],[4.209,0.737],[3.994,4.137],[-5.464,3.815],[-3.503,1.833],[-26.051,-0.742],[-22.056,-39.027],[10.832,-2.505],[8.901,0.057],[0,0]],"v":[[56.805,-70.057],[60.279,-69.358],[72.678,-63.644],[82.358,-53.232],[71.411,-41.357],[61.09,-37.454],[22.038,-36.923],[-15.583,-30.926],[-34.391,4.867],[-6.811,35.06],[4.402,38.013],[15.041,43.544],[27.11,56.532],[11.004,67.513],[-1.042,69.942],[-60.302,35.112],[-15.392,-67.36],[17.558,-69.233],[44.267,-70.057]],"c":true},"ix":2},"nm":"Path 1","mn":"ADBE Vector Shape - Group","hd":false},{"ty":"fl","c":{"a":0,"k":[0.030999998953,0.33300000359,0.626999978458,1],"ix":4},"o":{"a":0,"k":100,"ix":5},"r":1,"bm":0,"nm":"Fill 1","mn":"ADBE Vector Graphic - Fill","hd":false},{"ty":"tr","p":{"a":0,"k":[378.419,70.057],"ix":2},"a":{"a":0,"k":[0,0],"ix":1},"s":{"a":0,"k":[100,100],"ix":3},"r":{"a":0,"k":0,"ix":6},"o":{"a":0,"k":100,"ix":7},"sk":{"a":0,"k":0,"ix":4},"sa":{"a":0,"k":0,"ix":5},"nm":"Transform"}],"nm":"Group 9","np":2,"cix":2,"bm":0,"ix":8,"mn":"ADBE Vector Group","hd":false}],"ip":0,"op":300,"st":0,"bm":0}]}],"fonts":{"list":[{"fName":"Tahoma-Bold","fFamily":"Tahoma","fStyle":"Bold","ascent":80.9994506835938}]},"layers":[{"ddd":0,"ind":1,"ty":5,"nm":"CREATIVITY","sr":1,"ks":{"o":{"a":1,"k":[{"i":{"x":[0.667],"y":[1]},"o":{"x":[0.333],"y":[0]},"t":105,"s":[0]},{"i":{"x":[0.667],"y":[1]},"o":{"x":[0.333],"y":[0]},"t":110,"s":[100]},{"i":{"x":[0.667],"y":[1]},"o":{"x":[0.333],"y":[0]},"t":125,"s":[100]},{"t":135,"s":[0]}],"ix":11},"r":{"a":0,"k":0,"ix":10},"p":{"a":0,"k":[378,161,0],"ix":2,"l":2},"a":{"a":0,"k":[0,0,0],"ix":1,"l":2},"s":{"a":0,"k":[52,52,100],"ix":6,"l":2}},"ao":0,"t":{"d":{"k":[{"s":{"s":60,"f":"Tahoma-Bold","t":"CREATIVITY","ca":0,"j":2,"tr":0,"lh":72,"ls":0,"fc":[0.161,0.148,0.148]},"t":0}]},"p":{},"m":{"g":1,"a":{"a":0,"k":[0,0],"ix":2}},"a":[]},"ip":105,"op":136,"st":50,"bm":0},{"ddd":0,"ind":2,"ty":5,"nm":"IMAGINATION","sr":1,"ks":{"o":{"a":1,"k":[{"i":{"x":[0.667],"y":[1]},"o":{"x":[0.333],"y":[0]},"t":75,"s":[0]},{"i":{"x":[0.667],"y":[1]},"o":{"x":[0.333],"y":[0]},"t":80,"s":[100]},{"i":{"x":[0.667],"y":[1]},"o":{"x":[0.333],"y":[0]},"t":95,"s":[100]},{"t":105,"s":[0]}],"ix":11},"r":{"a":0,"k":0,"ix":10},"p":{"a":0,"k":[378,161,0],"ix":2,"l":2},"a":{"a":0,"k":[0,0,0],"ix":1,"l":2},"s":{"a":0,"k":[52,52,100],"ix":6,"l":2}},"ao":0,"t":{"d":{"k":[{"s":{"s":60,"f":"Tahoma-Bold","t":"IMAGINATION","ca":0,"j":2,"tr":0,"lh":72,"ls":0,"fc":[0.161,0.148,0.148]},"t":0}]},"p":{},"m":{"g":1,"a":{"a":0,"k":[0,0],"ix":2}},"a":[]},"ip":75,"op":105,"st":25,"bm":0},{"ddd":0,"ind":3,"ty":5,"nm":"BRANDING","sr":1,"ks":{"o":{"a":1,"k":[{"i":{"x":[0.667],"y":[1]},"o":{"x":[0.333],"y":[0]},"t":45,"s":[0]},{"i":{"x":[0.667],"y":[1]},"o":{"x":[0.333],"y":[0]},"t":50,"s":[100]},{"i":{"x":[0.667],"y":[1]},"o":{"x":[0.333],"y":[0]},"t":65,"s":[100]},{"t":76,"s":[0]}],"ix":11},"r":{"a":0,"k":0,"ix":10},"p":{"a":0,"k":[378,161,0],"ix":2,"l":2},"a":{"a":0,"k":[0,0,0],"ix":1,"l":2},"s":{"a":0,"k":[52,52,100],"ix":6,"l":2}},"ao":0,"t":{"d":{"k":[{"s":{"s":70,"f":"Tahoma-Bold","t":"BRANDING","ca":0,"j":2,"tr":0,"lh":84,"ls":0,"fc":[0.161,0.148,0.148]},"t":0}]},"p":{},"m":{"g":1,"a":{"a":0,"k":[0,0],"ix":2}},"a":[]},"ip":45,"op":76,"st":0,"bm":0},{"ddd":0,"ind":4,"ty":0,"nm":"Pre-comp 1","refId":"comp_0","sr":1,"ks":{"o":{"a":0,"k":100,"ix":11},"r":{"a":0,"k":0,"ix":10},"p":{"a":0,"k":[912,150,0],"ix":2,"l":2},"a":{"a":0,"k":[960,150,0],"ix":1,"l":2},"s":{"a":0,"k":[100,100,100],"ix":6,"l":2}},"ao":0,"w":1920,"h":300,"ip":0,"op":163,"st":0,"bm":0}],"markers":[],"chars":[{"ch":"B","size":70,"style":"Bold","w":68.6,"data":{"shapes":[{"ty":"gr","it":[{"ind":0,"ty":"sh","ix":1,"ks":{"a":0,"k":{"i":[[2.702,2.914],[4.492,0.945],[0,0],[-1.775,2.767],[0,3.548],[1.286,2.344],[2.604,1.4],[2.75,0.407],[5.338,0],[0,0],[0,0],[0,0],[-3.271,0.912],[-2.734,2.148],[-1.367,2.734],[0,3.613]],"o":[[-2.702,-2.913],[0,0],[3.125,-1.302],[1.774,-2.766],[0,-3.059],[-1.286,-2.344],[-2.409,-1.302],[-2.751,-0.407],[0,0],[0,0],[0,0],[5.045,0],[3.271,-0.911],[2.311,-1.79],[1.367,-2.734],[0,-4.948]],"v":[[61.621,-34.058],[50.83,-39.844],[50.83,-40.234],[58.179,-46.338],[60.84,-55.811],[58.911,-63.916],[53.076,-69.531],[45.337,-72.095],[33.203,-72.705],[7.52,-72.705],[7.52,0],[36.621,0],[49.097,-1.367],[58.105,-5.957],[63.623,-12.744],[65.674,-22.266]],"c":true},"ix":2},"nm":"B","mn":"ADBE Vector Shape - Group","hd":false},{"ind":1,"ty":"sh","ix":2,"ks":{"a":0,"k":{"i":[[0.553,-1.204],[1.465,-0.684],[1.253,-0.065],[3.125,0],[0,0],[0,0],[0,0],[-1.644,-0.049],[-1.205,-0.52],[-0.603,-1.237],[0,-1.172]],"o":[[-0.554,1.205],[-1.335,0.619],[-1.254,0.066],[0,0],[0,0],[0,0],[3.255,0],[1.643,0.049],[1.27,0.554],[0.602,1.237],[0,1.595]],"v":[[41.455,-47.949],[38.428,-45.117],[34.546,-44.092],[27.979,-43.994],[25.684,-43.994],[25.684,-59.375],[26.953,-59.375],[34.302,-59.302],[38.574,-58.447],[41.382,-55.762],[42.285,-52.148]],"c":true},"ix":2},"nm":"B","mn":"ADBE Vector Shape - Group","hd":false},{"ind":2,"ty":"sh","ix":3,"ks":{"a":0,"k":{"i":[[0.764,-1.383],[1.66,-0.716],[1.823,-0.065],[4.752,0],[0,0],[0,0],[0,0],[-1.937,-0.049],[-1.107,-0.423],[-0.912,-1.27],[0,-2.246]],"o":[[-0.765,1.384],[-1.888,0.814],[-1.823,0.066],[0,0],[0,0],[0,0],[3.255,0],[1.936,0.049],[1.823,0.652],[0.911,1.27],[0,1.758]],"v":[[45.728,-17.896],[42.09,-14.746],[36.523,-13.428],[26.66,-13.33],[25.684,-13.33],[25.684,-31.543],[29.053,-31.543],[36.841,-31.47],[41.406,-30.762],[45.508,-27.881],[46.875,-22.607]],"c":true},"ix":2},"nm":"B","mn":"ADBE Vector Shape - Group","hd":false}],"nm":"B","np":6,"cix":2,"bm":0,"ix":1,"mn":"ADBE Vector Group","hd":false}]},"fFamily":"Tahoma"},{"ch":"R","size":70,"style":"Bold","w":72.61,"data":{"shapes":[{"ty":"gr","it":[{"ind":0,"ty":"sh","ix":1,"ks":{"a":0,"k":{"i":[[0,0],[-2.507,3.467],[0,5.566],[1.53,2.556],[2.604,1.66],[2.995,0.505],[4.036,0],[0,0],[0,0],[0,0],[0,0],[0,0],[0,0],[0,0]],"o":[[4.199,-2.051],[2.506,-3.467],[0,-3.938],[-1.53,-2.555],[-2.539,-1.595],[-2.995,-0.504],[0,0],[0,0],[0,0],[0,0],[0,0],[0,0],[0,0],[0,0]],"v":[[50.293,-30.908],[60.352,-39.185],[64.111,-52.734],[61.816,-62.476],[55.615,-68.799],[47.314,-71.948],[36.768,-72.705],[7.52,-72.705],[7.52,0],[25.684,0],[25.684,-26.66],[32.227,-26.66],[52.49,0],[74.756,0]],"c":true},"ix":2},"nm":"R","mn":"ADBE Vector Shape - Group","hd":false},{"ind":1,"ty":"sh","ix":2,"ks":{"a":0,"k":{"i":[[0.569,-1.27],[1.172,-0.911],[1.774,-0.309],[2.539,0],[0,0],[0,0],[0,0],[-1.4,-0.13],[-1.14,-0.488],[-0.7,-1.318],[0,-1.823]],"o":[[-0.57,1.27],[-1.237,1.009],[-1.775,0.31],[0,0],[0,0],[0,0],[2.083,0],[1.399,0.13],[1.627,0.716],[0.7,1.318],[0,2.051]],"v":[[44.507,-45.459],[41.895,-42.188],[37.378,-40.21],[30.908,-39.746],[25.684,-39.746],[25.684,-59.326],[31.787,-59.326],[37.012,-59.131],[40.82,-58.203],[44.312,-55.151],[45.361,-50.439]],"c":true},"ix":2},"nm":"R","mn":"ADBE Vector Shape - Group","hd":false}],"nm":"R","np":5,"cix":2,"bm":0,"ix":1,"mn":"ADBE Vector Group","hd":false}]},"fFamily":"Tahoma"},{"ch":"A","size":70,"style":"Bold","w":68.46,"data":{"shapes":[{"ty":"gr","it":[{"ind":0,"ty":"sh","ix":1,"ks":{"a":0,"k":{"i":[[0,0],[0,0],[0,0],[0,0],[0,0],[0,0],[0,0],[0,0]],"o":[[0,0],[0,0],[0,0],[0,0],[0,0],[0,0],[0,0],[0,0]],"v":[[18.018,0],[22.559,-14.844],[45.41,-14.844],[49.951,0],[68.75,0],[44.189,-72.705],[24.268,-72.705],[-0.293,0]],"c":true},"ix":2},"nm":"A","mn":"ADBE Vector Shape - Group","hd":false},{"ind":1,"ty":"sh","ix":2,"ks":{"a":0,"k":{"i":[[0,0],[0,0],[0,0]],"o":[[0,0],[0,0],[0,0]],"v":[[26.563,-28.027],[33.984,-52.002],[41.406,-28.027]],"c":true},"ix":2},"nm":"A","mn":"ADBE Vector Shape - Group","hd":false}],"nm":"A","np":5,"cix":2,"bm":0,"ix":1,"mn":"ADBE Vector Group","hd":false}]},"fFamily":"Tahoma"},{"ch":"N","size":70,"style":"Bold","w":77.05,"data":{"shapes":[{"ty":"gr","it":[{"ind":0,"ty":"sh","ix":1,"ks":{"a":0,"k":{"i":[[0,0],[0,0],[0,0],[0,0],[0,0],[0,0],[0,0],[0,0],[0,0],[0,0]],"o":[[0,0],[0,0],[0,0],[0,0],[0,0],[0,0],[0,0],[0,0],[0,0],[0,0]],"v":[[69.824,-72.705],[53.125,-72.705],[53.125,-31.055],[29.932,-72.705],[7.52,-72.705],[7.52,0],[24.219,0],[24.219,-50.684],[52.246,0],[69.824,0]],"c":true},"ix":2},"nm":"N","mn":"ADBE Vector Shape - Group","hd":false}],"nm":"N","np":3,"cix":2,"bm":0,"ix":1,"mn":"ADBE Vector Group","hd":false}]},"fFamily":"Tahoma"},{"ch":"D","size":70,"style":"Bold","w":75.73,"data":{"shapes":[{"ty":"gr","it":[{"ind":0,"ty":"sh","ix":1,"ks":{"a":0,"k":{"i":[[2.766,5.193],[4.785,3.06],[4.459,0.652],[5.11,0],[0,0],[0,0],[0,0],[-4.443,0.7],[-3.777,2.441],[-2.962,5.355],[0,6.771]],"o":[[-2.767,-5.192],[-3.906,-2.506],[-4.46,-0.651],[0,0],[0,0],[0,0],[5.013,0],[4.443,-0.7],[4.524,-2.864],[2.962,-5.354],[0,-7.031]],"v":[[68.311,-54.614],[56.982,-66.992],[44.434,-71.729],[30.078,-72.705],[7.52,-72.705],[7.52,0],[30.273,0],[44.458,-1.05],[56.787,-5.762],[68.018,-18.091],[72.461,-36.279]],"c":true},"ix":2},"nm":"D","mn":"ADBE Vector Shape - Group","hd":false},{"ind":1,"ty":"sh","ix":2,"ks":{"a":0,"k":{"i":[[1.563,-3.32],[2.995,-1.888],[2.815,-0.146],[4.102,0],[0,0],[0,0],[0,0],[-2.718,-0.13],[-2.474,-1.367],[-1.644,-3.401],[0,-4.785]],"o":[[-1.563,3.32],[-2.539,1.595],[-2.816,0.146],[0,0],[0,0],[0,0],[3.776,0],[2.718,0.13],[3.418,1.921],[1.643,3.402],[0,4.785]],"v":[[51.367,-24.268],[44.531,-16.455],[36.499,-13.843],[26.123,-13.623],[25.781,-13.623],[25.781,-59.131],[26.123,-59.131],[35.864,-58.936],[43.652,-56.689],[51.245,-48.706],[53.711,-36.426]],"c":true},"ix":2},"nm":"D","mn":"ADBE Vector Shape - Group","hd":false}],"nm":"D","np":5,"cix":2,"bm":0,"ix":1,"mn":"ADBE Vector Group","hd":false}]},"fFamily":"Tahoma"},{"ch":"I","size":70,"style":"Bold","w":48.34,"data":{"shapes":[{"ty":"gr","it":[{"ind":0,"ty":"sh","ix":1,"ks":{"a":0,"k":{"i":[[0,0],[0,0],[0,0],[0,0],[0,0],[0,0],[0,0],[0,0],[0,0],[0,0],[0,0],[0,0]],"o":[[0,0],[0,0],[0,0],[0,0],[0,0],[0,0],[0,0],[0,0],[0,0],[0,0],[0,0],[0,0]],"v":[[43.75,-12.695],[33.301,-12.695],[33.301,-60.01],[43.75,-60.01],[43.75,-72.705],[4.59,-72.705],[4.59,-60.01],[15.039,-60.01],[15.039,-12.695],[4.59,-12.695],[4.59,0],[43.75,0]],"c":true},"ix":2},"nm":"I","mn":"ADBE Vector Shape - Group","hd":false}],"nm":"I","np":3,"cix":2,"bm":0,"ix":1,"mn":"ADBE Vector Group","hd":false}]},"fFamily":"Tahoma"},{"ch":"G","size":70,"style":"Bold","w":74.51,"data":{"shapes":[{"ty":"gr","it":[{"ind":0,"ty":"sh","ix":1,"ks":{"a":0,"k":{"i":[[0,0],[0,0],[0,0],[0,0],[0,0],[0.879,-0.032],[0.651,0],[4.264,4.037],[0,8.496],[-1.123,2.995],[-1.921,1.953],[-2.572,0.977],[-3.125,0],[-2.393,-0.748],[-1.823,-1.041],[-1.644,-1.253],[-0.879,-0.684],[0,0],[0,0],[3.809,1.156],[6.087,0],[6.787,-6.868],[0,-11.393],[-6.787,-6.592],[-11.426,0],[-5.095,1.237],[-3.191,1.302]],"o":[[0,0],[0,0],[0,0],[0,0],[-0.652,0.066],[-0.879,0.033],[-7.39,0],[-4.265,-4.036],[0,-3.971],[1.123,-2.995],[2.018,-2.018],[2.571,-0.977],[2.669,0],[2.393,0.749],[1.563,0.879],[1.643,1.254],[0,0],[0,0],[-4.07,-1.985],[-3.809,-1.155],[-11.784,0],[-6.787,6.869],[0,12.109],[6.787,6.592],[4.948,0],[5.094,-1.237],[0,0]],"v":[[68.262,-39.941],[36.475,-39.941],[36.475,-26.318],[50.586,-26.318],[50.586,-12.061],[48.291,-11.914],[45.996,-11.865],[28.516,-17.92],[22.119,-36.719],[23.804,-47.168],[28.369,-54.59],[35.254,-59.082],[43.799,-60.547],[51.392,-59.424],[57.715,-56.738],[62.524,-53.54],[66.309,-50.635],[67.969,-50.635],[67.969,-67.676],[56.152,-72.388],[41.309,-74.121],[13.452,-63.818],[3.271,-36.426],[13.452,-8.374],[40.771,1.514],[55.835,-0.342],[68.262,-4.15]],"c":true},"ix":2},"nm":"G","mn":"ADBE Vector Shape - Group","hd":false}],"nm":"G","np":3,"cix":2,"bm":0,"ix":1,"mn":"ADBE Vector Group","hd":false}]},"fFamily":"Tahoma"},{"ch":"M","size":60,"style":"Bold","w":89.31,"data":{"shapes":[{"ty":"gr","it":[{"ind":0,"ty":"sh","ix":1,"ks":{"a":0,"k":{"i":[[0,0],[0,0],[0,0],[0,0],[0,0],[0,0],[0,0],[0,0],[0,0],[0,0],[0,0],[0,0],[0,0]],"o":[[0,0],[0,0],[0,0],[0,0],[0,0],[0,0],[0,0],[0,0],[0,0],[0,0],[0,0],[0,0],[0,0]],"v":[[81.787,-72.705],[60.742,-72.705],[44.678,-36.816],[28.564,-72.705],[7.52,-72.705],[7.52,0],[24.707,0],[24.707,-48.193],[37.939,-17.09],[50.391,-17.09],[63.623,-48.193],[63.623,0],[81.787,0]],"c":true},"ix":2},"nm":"M","mn":"ADBE Vector Shape - Group","hd":false}],"nm":"M","np":3,"cix":2,"bm":0,"ix":1,"mn":"ADBE Vector Group","hd":false}]},"fFamily":"Tahoma"},{"ch":"T","size":60,"style":"Bold","w":61.23,"data":{"shapes":[{"ty":"gr","it":[{"ind":0,"ty":"sh","ix":1,"ks":{"a":0,"k":{"i":[[0,0],[0,0],[0,0],[0,0],[0,0],[0,0],[0,0],[0,0]],"o":[[0,0],[0,0],[0,0],[0,0],[0,0],[0,0],[0,0],[0,0]],"v":[[39.746,0],[39.746,-58.838],[61.23,-58.838],[61.23,-72.705],[0,-72.705],[0,-58.838],[21.484,-58.838],[21.484,0]],"c":true},"ix":2},"nm":"T","mn":"ADBE Vector Shape - Group","hd":false}],"nm":"T","np":3,"cix":2,"bm":0,"ix":1,"mn":"ADBE Vector Group","hd":false}]},"fFamily":"Tahoma"},{"ch":"O","size":60,"style":"Bold","w":77,"data":{"shapes":[{"ty":"gr","it":[{"ind":0,"ty":"sh","ix":1,"ks":{"a":0,"k":{"i":[[6.282,6.755],[10.938,0],[6.25,-6.787],[0,-11.686],[-6.25,-6.819],[-10.97,0],[-6.283,6.738],[0,11.752]],"o":[[-6.283,-6.754],[-10.97,0],[-6.25,6.787],[0,11.589],[6.25,6.82],[10.938,0],[6.282,-6.738],[0,-11.751]],"v":[[64.307,-64.087],[38.477,-74.219],[12.646,-64.038],[3.271,-36.328],[12.646,-8.716],[38.477,1.514],[64.307,-8.594],[73.73,-36.328]],"c":true},"ix":2},"nm":"O","mn":"ADBE Vector Shape - Group","hd":false},{"ind":1,"ty":"sh","ix":2,"ks":{"a":0,"k":{"i":[[0.846,-2.815],[1.563,-2.116],[2.018,-0.928],[2.148,0],[1.985,0.863],[1.563,2.019],[0.879,2.946],[0,4.46],[-0.928,3.125],[-1.498,1.888],[-1.823,0.798],[-2.246,0],[-1.97,-0.862],[-1.563,-1.985],[-0.896,-3.043],[0,-4.329]],"o":[[-0.847,2.816],[-1.465,1.953],[-2.019,0.928],[-2.116,0],[-1.986,-0.862],[-1.53,-1.985],[-0.879,-2.946],[0,-4.329],[0.928,-3.125],[1.692,-2.051],[1.823,-0.797],[2.116,0],[1.969,0.863],[1.497,1.953],[0.895,3.044],[0,4.558]],"v":[[53.613,-25.317],[50,-17.92],[44.775,-13.599],[38.525,-12.207],[32.373,-13.501],[27.051,-17.822],[23.438,-25.22],[22.119,-36.328],[23.511,-47.51],[27.148,-55.029],[32.422,-59.302],[38.525,-60.498],[44.653,-59.204],[49.951,-54.932],[53.54,-47.437],[54.883,-36.377]],"c":true},"ix":2},"nm":"O","mn":"ADBE Vector Shape - Group","hd":false}],"nm":"O","np":5,"cix":2,"bm":0,"ix":1,"mn":"ADBE Vector Group","hd":false}]},"fFamily":"Tahoma"},{"ch":"C","size":60,"style":"Bold","w":66.75,"data":{"shapes":[{"ty":"gr","it":[{"ind":0,"ty":"sh","ix":1,"ks":{"a":0,"k":{"i":[[-1.986,0.358],[-2.279,0.684],[-1.758,0.798],[-1.335,0.619],[0,0],[0,0],[1.237,-1.041],[1.627,-1.009],[2.18,-0.797],[2.409,0],[2.327,0.814],[1.888,1.823],[1.204,3.076],[0,4.525],[-1.156,3.158],[-1.823,1.855],[-2.197,0.83],[-2.637,0],[-2.035,-0.732],[-1.693,-1.041],[-1.335,-1.09],[-0.879,-0.781],[0,0],[0,0],[1.953,0.847],[1.66,0.488],[2.311,0.326],[2.897,0],[6.429,-6.852],[0,-11.523],[-6.413,-6.592],[-10.905,0]],"o":[[1.985,-0.359],[1.855,-0.553],[1.758,-0.797],[0,0],[0,0],[-0.912,0.814],[-1.237,1.042],[-1.498,0.977],[-2.181,0.798],[-2.312,0],[-2.328,-0.813],[-1.953,-1.888],[-1.205,-3.076],[0,-4.297],[1.155,-3.157],[1.985,-2.051],[2.197,-0.83],[2.213,0],[2.034,0.732],[1.692,1.042],[1.334,1.091],[0,0],[0,0],[-1.205,-0.618],[-1.953,-0.846],[-2.116,-0.586],[-2.312,-0.325],[-10.905,0],[-6.429,6.853],[0,11.947],[6.413,6.592],[3.483,0]],"v":[[47.07,0.879],[53.467,-0.684],[58.887,-2.71],[63.525,-4.834],[63.525,-21.924],[61.865,-21.924],[58.643,-19.141],[54.346,-16.064],[48.828,-13.403],[41.943,-12.207],[34.985,-13.428],[28.662,-17.383],[23.926,-24.829],[22.119,-36.23],[23.853,-47.412],[28.32,-54.932],[34.595,-59.253],[41.846,-60.498],[48.218,-59.399],[53.809,-56.738],[58.35,-53.54],[61.67,-50.732],[63.525,-50.732],[63.525,-68.066],[58.789,-70.264],[53.369,-72.266],[46.729,-73.633],[38.916,-74.121],[12.915,-63.843],[3.271,-36.279],[12.891,-8.472],[38.867,1.416]],"c":true},"ix":2},"nm":"C","mn":"ADBE Vector Shape - Group","hd":false}],"nm":"C","np":3,"cix":2,"bm":0,"ix":1,"mn":"ADBE Vector Group","hd":false}]},"fFamily":"Tahoma"},{"ch":"E","size":60,"style":"Bold","w":61.52,"data":{"shapes":[{"ty":"gr","it":[{"ind":0,"ty":"sh","ix":1,"ks":{"a":0,"k":{"i":[[0,0],[0,0],[0,0],[0,0],[0,0],[0,0],[0,0],[0,0],[0,0],[0,0],[0,0],[0,0]],"o":[[0,0],[0,0],[0,0],[0,0],[0,0],[0,0],[0,0],[0,0],[0,0],[0,0],[0,0],[0,0]],"v":[[56.689,0],[56.689,-13.867],[25.684,-13.867],[25.684,-32.227],[54.248,-32.227],[54.248,-46.094],[25.684,-46.094],[25.684,-58.838],[56.689,-58.838],[56.689,-72.705],[7.52,-72.705],[7.52,0]],"c":true},"ix":2},"nm":"E","mn":"ADBE Vector Shape - Group","hd":false}],"nm":"E","np":3,"cix":2,"bm":0,"ix":1,"mn":"ADBE Vector Group","hd":false}]},"fFamily":"Tahoma"},{"ch":"V","size":60,"style":"Bold","w":67.48,"data":{"shapes":[{"ty":"gr","it":[{"ind":0,"ty":"sh","ix":1,"ks":{"a":0,"k":{"i":[[0,0],[0,0],[0,0],[0,0],[0,0],[0,0],[0,0]],"o":[[0,0],[0,0],[0,0],[0,0],[0,0],[0,0],[0,0]],"v":[[49.805,-72.705],[33.984,-23.438],[18.164,-72.705],[-0.781,-72.705],[24.219,0],[43.262,0],[68.262,-72.705]],"c":true},"ix":2},"nm":"V","mn":"ADBE Vector Shape - Group","hd":false}],"nm":"V","np":3,"cix":2,"bm":0,"ix":1,"mn":"ADBE Vector Group","hd":false}]},"fFamily":"Tahoma"},{"ch":"Y","size":60,"style":"Bold","w":67.04,"data":{"shapes":[{"ty":"gr","it":[{"ind":0,"ty":"sh","ix":1,"ks":{"a":0,"k":{"i":[[0,0],[0,0],[0,0],[0,0],[0,0],[0,0],[0,0],[0,0],[0,0]],"o":[[0,0],[0,0],[0,0],[0,0],[0,0],[0,0],[0,0],[0,0],[0,0]],"v":[[47.852,-72.705],[34.131,-46.729],[19.873,-72.705],[-0.928,-72.705],[24.609,-29.443],[24.609,0],[42.871,0],[42.871,-30.371],[67.969,-72.705]],"c":true},"ix":2},"nm":"Y","mn":"ADBE Vector Shape - Group","hd":false}],"nm":"Y","np":3,"cix":2,"bm":0,"ix":1,"mn":"ADBE Vector Group","hd":false}]},"fFamily":"Tahoma"}]}